scope,source_path,copied_path,exists,rows
canonical,<RUNS_ROOT>/canonical_formdelta_protocol_20260909/manifest.json,<RUNS_ROOT>/npj_experiment_closure_20260910/source_artifacts/canonical/manifest.json,True,
canonical,<RUNS_ROOT>/canonical_formdelta_protocol_20260909/tables/aggregate_by_family.csv,<RUNS_ROOT>/npj_experiment_closure_20260910/source_artifacts/canonical/aggregate_by_family.csv,True,7.0
canonical,<RUNS_ROOT>/canonical_formdelta_protocol_20260909/tables/summary_by_run.csv,<RUNS_ROOT>/npj_experiment_closure_20260910/source_artifacts/canonical/summary_by_run.csv,True,69.0
canonical,<RUNS_ROOT>/canonical_formdelta_protocol_20260909/tables/paired_bootstrap_test.csv,<RUNS_ROOT>/npj_experiment_closure_20260910/source_artifacts/canonical/paired_bootstrap_test.csv,True,23.0
canonical,<RUNS_ROOT>/canonical_formdelta_protocol_20260909/tables/config_audit.csv,<RUNS_ROOT>/npj_experiment_closure_20260910/source_artifacts/canonical/config_audit.csv,True,23.0
canonical,<RUNS_ROOT>/canonical_formdelta_protocol_20260909/tables/leakage_audit.csv,<RUNS_ROOT>/npj_experiment_closure_20260910/source_artifacts/canonical/leakage_audit.csv,True,207.0
r2scan,<RUNS_ROOT>/npj_r2scan_protocol_20260909/manifest.json,<RUNS_ROOT>/npj_experiment_closure_20260910/source_artifacts/r2scan/manifest.json,True,
r2scan,<RUNS_ROOT>/npj_r2scan_protocol_20260909/reports/npj_r2scan_protocol_report.md,<RUNS_ROOT>/npj_experiment_closure_20260910/source_artifacts/r2scan/npj_r2scan_protocol_report.md,True,
r2scan,<RUNS_ROOT>/npj_r2scan_protocol_20260909/tables/aggregate_by_method_fraction.csv,<RUNS_ROOT>/npj_experiment_closure_20260910/source_artifacts/r2scan/aggregate_by_method_fraction.csv,True,210.0
r2scan,<RUNS_ROOT>/npj_r2scan_protocol_20260909/tables/summary_by_run.csv,<RUNS_ROOT>/npj_experiment_closure_20260910/source_artifacts/r2scan/summary_by_run.csv,True,738.0
r2scan,<RUNS_ROOT>/npj_r2scan_protocol_20260909/tables/paired_bootstrap_test.csv,<RUNS_ROOT>/npj_experiment_closure_20260910/source_artifacts/r2scan/paired_bootstrap_test.csv,True,288.0
r2scan,<RUNS_ROOT>/npj_r2scan_protocol_20260909/tables/latent_feature_availability.csv,<RUNS_ROOT>/npj_experiment_closure_20260910/source_artifacts/r2scan/latent_feature_availability.csv,True,1.0
r2scan,<RUNS_ROOT>/npj_r2scan_protocol_20260909/tables/config_audit.csv,<RUNS_ROOT>/npj_experiment_closure_20260910/source_artifacts/r2scan/config_audit.csv,True,72.0
r2scan,<RUNS_ROOT>/npj_r2scan_protocol_20260909/tables/leakage_audit.csv,<RUNS_ROOT>/npj_experiment_closure_20260910/source_artifacts/r2scan/leakage_audit.csv,True,162.0
r2scan,<RUNS_ROOT>/npj_r2scan_protocol_20260909/tables/cost_accounting.csv,<RUNS_ROOT>/npj_experiment_closure_20260910/source_artifacts/r2scan/cost_accounting.csv,True,72.0
wbm,<RUNS_ROOT>/wbm_canonical_before_after_20260909/manifest.json,<RUNS_ROOT>/npj_experiment_closure_20260910/source_artifacts/wbm/manifest.json,True,
wbm,<RUNS_ROOT>/wbm_canonical_before_after_20260909/reports/wbm_canonical_before_after_report.md,<RUNS_ROOT>/npj_experiment_closure_20260910/source_artifacts/wbm/wbm_canonical_before_after_report.md,True,
wbm,<RUNS_ROOT>/wbm_canonical_before_after_20260909/tables/formation_metrics.csv,<RUNS_ROOT>/npj_experiment_closure_20260910/source_artifacts/wbm/formation_metrics.csv,True,36.0
wbm,<RUNS_ROOT>/wbm_canonical_before_after_20260909/tables/formal_hull_metrics.csv,<RUNS_ROOT>/npj_experiment_closure_20260910/source_artifacts/wbm/formal_hull_metrics.csv,True,36.0
wbm,<RUNS_ROOT>/wbm_canonical_before_after_20260909/tables/topk_enrichment.csv,<RUNS_ROOT>/npj_experiment_closure_20260910/source_artifacts/wbm/topk_enrichment.csv,True,120.0
wbm,<RUNS_ROOT>/wbm_canonical_before_after_20260909/tables/paired_bootstrap_formation_mae.csv,<RUNS_ROOT>/npj_experiment_closure_20260910/source_artifacts/wbm/paired_bootstrap_formation_mae.csv,True,11.0
wbm,<RUNS_ROOT>/wbm_canonical_before_after_20260909/tables/hull_classification_delta_vs_base.csv,<RUNS_ROOT>/npj_experiment_closure_20260910/source_artifacts/wbm/hull_classification_delta_vs_base.csv,True,6.0
wbm,<RUNS_ROOT>/wbm_canonical_before_after_20260909/tables/config_audit.csv,<RUNS_ROOT>/npj_experiment_closure_20260910/source_artifacts/wbm/config_audit.csv,True,6.0
wbm,<RUNS_ROOT>/wbm_canonical_before_after_20260909/tables/leakage_audit.csv,<RUNS_ROOT>/npj_experiment_closure_20260910/source_artifacts/wbm/leakage_audit.csv,True,9.0
wbm,<RUNS_ROOT>/wbm_canonical_before_after_20260909/tables/cost_accounting.csv,<RUNS_ROOT>/npj_experiment_closure_20260910/source_artifacts/wbm/cost_accounting.csv,True,6.0
ranking,<RUNS_ROOT>/r2scan_rank_weight_sweep_20260909/manifest.json,<RUNS_ROOT>/npj_experiment_closure_20260910/source_artifacts/ranking/manifest.json,True,
ranking,<RUNS_ROOT>/r2scan_rank_weight_sweep_20260909/reports/r2scan_rank_weight_sweep_report.md,<RUNS_ROOT>/npj_experiment_closure_20260910/source_artifacts/ranking/r2scan_rank_weight_sweep_report.md,True,
ranking,<RUNS_ROOT>/r2scan_rank_weight_sweep_20260909/tables/aggregate_by_rank_weight_split.csv,<RUNS_ROOT>/npj_experiment_closure_20260910/source_artifacts/ranking/aggregate_by_rank_weight_split.csv,True,12.0
ranking,<RUNS_ROOT>/r2scan_rank_weight_sweep_20260909/tables/aggregate_ranking_by_method_family.csv,<RUNS_ROOT>/npj_experiment_closure_20260910/source_artifacts/ranking/aggregate_ranking_by_method_family.csv,True,8.0
ranking,<RUNS_ROOT>/r2scan_rank_weight_sweep_20260909/tables/paired_bootstrap_mae_vs_lambda0.csv,<RUNS_ROOT>/npj_experiment_closure_20260910/source_artifacts/ranking/paired_bootstrap_mae_vs_lambda0.csv,True,18.0
ranking,<RUNS_ROOT>/r2scan_rank_weight_sweep_20260909/tables/paired_bootstrap_ranking_vs_lambda0.csv,<RUNS_ROOT>/npj_experiment_closure_20260910/source_artifacts/ranking/paired_bootstrap_ranking_vs_lambda0.csv,True,9.0
ranking,<RUNS_ROOT>/r2scan_rank_weight_sweep_20260909/tables/config_audit.csv,<RUNS_ROOT>/npj_experiment_closure_20260910/source_artifacts/ranking/config_audit.csv,True,12.0
ranking,<RUNS_ROOT>/r2scan_rank_weight_sweep_20260909/tables/leakage_audit.csv,<RUNS_ROOT>/npj_experiment_closure_20260910/source_artifacts/ranking/leakage_audit.csv,True,27.0
ranking,<RUNS_ROOT>/r2scan_rank_weight_sweep_20260909/tables/cost_accounting.csv,<RUNS_ROOT>/npj_experiment_closure_20260910/source_artifacts/ranking/cost_accounting.csv,True,12.0
