epoch,train_loss,train_main_loss,train_risk_loss,train_pos_loss,train_near_loss,train_rank_loss,train_tail_l2_loss,train_moe_load_balance_loss,train_router_anchor_loss,train_risk_branch_anchor_loss,train_dual_reference_gate_prior_loss,train_dual_reference_gate_entropy,train_moe_entropy,train_moe_max_usage,train_primary_masked_fraction,val_mae_mev_atom
1,0.25422608107328415,0.25422608107328415,0.0,0.0,0.0,0.0,0.0,0.0,0.0,0.0,0.0,0.0,0.0,0.0,0.0,90.51323699951172
2,0.2343507967889309,0.2343507967889309,0.0,0.0,0.0,0.0,0.0,0.0,0.0,0.0,0.0,0.0,0.0,0.0,0.0,88.44387817382812
3,0.22677813842892647,0.22677813842892647,0.0,0.0,0.0,0.0,0.0,0.0,0.0,0.0,0.0,0.0,0.0,0.0,0.0,90.24742889404297
4,0.22400908172130585,0.22400908172130585,0.0,0.0,0.0,0.0,0.0,0.0,0.0,0.0,0.0,0.0,0.0,0.0,0.0,87.89225006103516
5,0.22243592143058777,0.22243592143058777,0.0,0.0,0.0,0.0,0.0,0.0,0.0,0.0,0.0,0.0,0.0,0.0,0.0,87.17385864257812
6,0.2199017032980919,0.2199017032980919,0.0,0.0,0.0,0.0,0.0,0.0,0.0,0.0,0.0,0.0,0.0,0.0,0.0,87.68577575683594
7,0.21808530017733574,0.21808530017733574,0.0,0.0,0.0,0.0,0.0,0.0,0.0,0.0,0.0,0.0,0.0,0.0,0.0,86.6518325805664
8,0.21640266105532646,0.21640266105532646,0.0,0.0,0.0,0.0,0.0,0.0,0.0,0.0,0.0,0.0,0.0,0.0,0.0,86.201904296875
9,0.21430392935872078,0.21430392935872078,0.0,0.0,0.0,0.0,0.0,0.0,0.0,0.0,0.0,0.0,0.0,0.0,0.0,86.1763916015625
10,0.21274520084261894,0.21274520084261894,0.0,0.0,0.0,0.0,0.0,0.0,0.0,0.0,0.0,0.0,0.0,0.0,0.0,85.6256332397461
11,0.2114580161869526,0.2114580161869526,0.0,0.0,0.0,0.0,0.0,0.0,0.0,0.0,0.0,0.0,0.0,0.0,0.0,85.52654266357422
12,0.20957686752080917,0.20957686752080917,0.0,0.0,0.0,0.0,0.0,0.0,0.0,0.0,0.0,0.0,0.0,0.0,0.0,85.02982330322266
13,0.20781071484088898,0.20781071484088898,0.0,0.0,0.0,0.0,0.0,0.0,0.0,0.0,0.0,0.0,0.0,0.0,0.0,84.90745544433594
14,0.20603613927960396,0.20603613927960396,0.0,0.0,0.0,0.0,0.0,0.0,0.0,0.0,0.0,0.0,0.0,0.0,0.0,84.52460479736328
15,0.2042468935251236,0.2042468935251236,0.0,0.0,0.0,0.0,0.0,0.0,0.0,0.0,0.0,0.0,0.0,0.0,0.0,84.51483154296875
16,0.20298311859369278,0.20298311859369278,0.0,0.0,0.0,0.0,0.0,0.0,0.0,0.0,0.0,0.0,0.0,0.0,0.0,84.04371643066406
17,0.20151745527982712,0.20151745527982712,0.0,0.0,0.0,0.0,0.0,0.0,0.0,0.0,0.0,0.0,0.0,0.0,0.0,84.01676177978516
18,0.20036451518535614,0.20036451518535614,0.0,0.0,0.0,0.0,0.0,0.0,0.0,0.0,0.0,0.0,0.0,0.0,0.0,83.183349609375
19,0.19915512949228287,0.19915512949228287,0.0,0.0,0.0,0.0,0.0,0.0,0.0,0.0,0.0,0.0,0.0,0.0,0.0,83.50508117675781
20,0.1973222829401493,0.1973222829401493,0.0,0.0,0.0,0.0,0.0,0.0,0.0,0.0,0.0,0.0,0.0,0.0,0.0,82.89116668701172
21,0.19658711925148964,0.19658711925148964,0.0,0.0,0.0,0.0,0.0,0.0,0.0,0.0,0.0,0.0,0.0,0.0,0.0,82.4583969116211
22,0.19452053308486938,0.19452053308486938,0.0,0.0,0.0,0.0,0.0,0.0,0.0,0.0,0.0,0.0,0.0,0.0,0.0,82.84403228759766
23,0.19402485340833664,0.19402485340833664,0.0,0.0,0.0,0.0,0.0,0.0,0.0,0.0,0.0,0.0,0.0,0.0,0.0,82.22706604003906
24,0.19261951744556427,0.19261951744556427,0.0,0.0,0.0,0.0,0.0,0.0,0.0,0.0,0.0,0.0,0.0,0.0,0.0,81.97673797607422
25,0.19146396219730377,0.19146396219730377,0.0,0.0,0.0,0.0,0.0,0.0,0.0,0.0,0.0,0.0,0.0,0.0,0.0,82.26206970214844
26,0.19013121724128723,0.19013121724128723,0.0,0.0,0.0,0.0,0.0,0.0,0.0,0.0,0.0,0.0,0.0,0.0,0.0,82.38340759277344
27,0.1897825375199318,0.1897825375199318,0.0,0.0,0.0,0.0,0.0,0.0,0.0,0.0,0.0,0.0,0.0,0.0,0.0,81.60054779052734
28,0.18827296793460846,0.18827296793460846,0.0,0.0,0.0,0.0,0.0,0.0,0.0,0.0,0.0,0.0,0.0,0.0,0.0,81.6885986328125
29,0.1860743686556816,0.1860743686556816,0.0,0.0,0.0,0.0,0.0,0.0,0.0,0.0,0.0,0.0,0.0,0.0,0.0,81.55594635009766
30,0.18467650562524796,0.18467650562524796,0.0,0.0,0.0,0.0,0.0,0.0,0.0,0.0,0.0,0.0,0.0,0.0,0.0,81.30078125
31,0.18262988328933716,0.18262988328933716,0.0,0.0,0.0,0.0,0.0,0.0,0.0,0.0,0.0,0.0,0.0,0.0,0.0,81.58386993408203
32,0.18303627520799637,0.18303627520799637,0.0,0.0,0.0,0.0,0.0,0.0,0.0,0.0,0.0,0.0,0.0,0.0,0.0,81.80110931396484
33,0.18174512311816216,0.18174512311816216,0.0,0.0,0.0,0.0,0.0,0.0,0.0,0.0,0.0,0.0,0.0,0.0,0.0,80.08612060546875
34,0.17959708720445633,0.17959708720445633,0.0,0.0,0.0,0.0,0.0,0.0,0.0,0.0,0.0,0.0,0.0,0.0,0.0,79.85436248779297
35,0.17842363566160202,0.17842363566160202,0.0,0.0,0.0,0.0,0.0,0.0,0.0,0.0,0.0,0.0,0.0,0.0,0.0,80.03984069824219
36,0.17825938761234283,0.17825938761234283,0.0,0.0,0.0,0.0,0.0,0.0,0.0,0.0,0.0,0.0,0.0,0.0,0.0,79.85850524902344
37,0.17708326503634453,0.17708326503634453,0.0,0.0,0.0,0.0,0.0,0.0,0.0,0.0,0.0,0.0,0.0,0.0,0.0,79.34159088134766
38,0.1753154918551445,0.1753154918551445,0.0,0.0,0.0,0.0,0.0,0.0,0.0,0.0,0.0,0.0,0.0,0.0,0.0,79.56615447998047
39,0.17426755279302597,0.17426755279302597,0.0,0.0,0.0,0.0,0.0,0.0,0.0,0.0,0.0,0.0,0.0,0.0,0.0,79.17518615722656
40,0.17243554815649986,0.17243554815649986,0.0,0.0,0.0,0.0,0.0,0.0,0.0,0.0,0.0,0.0,0.0,0.0,0.0,79.0792236328125
41,0.17218611016869545,0.17218611016869545,0.0,0.0,0.0,0.0,0.0,0.0,0.0,0.0,0.0,0.0,0.0,0.0,0.0,78.83247375488281
42,0.16923197358846664,0.16923197358846664,0.0,0.0,0.0,0.0,0.0,0.0,0.0,0.0,0.0,0.0,0.0,0.0,0.0,79.0102310180664
43,0.17030873894691467,0.17030873894691467,0.0,0.0,0.0,0.0,0.0,0.0,0.0,0.0,0.0,0.0,0.0,0.0,0.0,79.04241943359375
44,0.1677827350795269,0.1677827350795269,0.0,0.0,0.0,0.0,0.0,0.0,0.0,0.0,0.0,0.0,0.0,0.0,0.0,78.94556427001953
45,0.16666357964277267,0.16666357964277267,0.0,0.0,0.0,0.0,0.0,0.0,0.0,0.0,0.0,0.0,0.0,0.0,0.0,78.38996124267578
46,0.16635733097791672,0.16635733097791672,0.0,0.0,0.0,0.0,0.0,0.0,0.0,0.0,0.0,0.0,0.0,0.0,0.0,78.0360107421875
47,0.16440344974398613,0.16440344974398613,0.0,0.0,0.0,0.0,0.0,0.0,0.0,0.0,0.0,0.0,0.0,0.0,0.0,77.31800079345703
48,0.1632177121937275,0.1632177121937275,0.0,0.0,0.0,0.0,0.0,0.0,0.0,0.0,0.0,0.0,0.0,0.0,0.0,77.88936614990234
49,0.1625371091067791,0.1625371091067791,0.0,0.0,0.0,0.0,0.0,0.0,0.0,0.0,0.0,0.0,0.0,0.0,0.0,77.85326385498047
50,0.16190024465322495,0.16190024465322495,0.0,0.0,0.0,0.0,0.0,0.0,0.0,0.0,0.0,0.0,0.0,0.0,0.0,77.4126968383789
51,0.1598363034427166,0.1598363034427166,0.0,0.0,0.0,0.0,0.0,0.0,0.0,0.0,0.0,0.0,0.0,0.0,0.0,77.3697509765625
52,0.1581428386271,0.1581428386271,0.0,0.0,0.0,0.0,0.0,0.0,0.0,0.0,0.0,0.0,0.0,0.0,0.0,77.23591613769531
53,0.1575353443622589,0.1575353443622589,0.0,0.0,0.0,0.0,0.0,0.0,0.0,0.0,0.0,0.0,0.0,0.0,0.0,76.48755645751953
54,0.15670355409383774,0.15670355409383774,0.0,0.0,0.0,0.0,0.0,0.0,0.0,0.0,0.0,0.0,0.0,0.0,0.0,76.56436920166016
55,0.15645916387438774,0.15645916387438774,0.0,0.0,0.0,0.0,0.0,0.0,0.0,0.0,0.0,0.0,0.0,0.0,0.0,76.74853515625
56,0.15594341605901718,0.15594341605901718,0.0,0.0,0.0,0.0,0.0,0.0,0.0,0.0,0.0,0.0,0.0,0.0,0.0,76.36874389648438
57,0.15391559898853302,0.15391559898853302,0.0,0.0,0.0,0.0,0.0,0.0,0.0,0.0,0.0,0.0,0.0,0.0,0.0,76.29415130615234
58,0.15386660024523735,0.15386660024523735,0.0,0.0,0.0,0.0,0.0,0.0,0.0,0.0,0.0,0.0,0.0,0.0,0.0,76.40882110595703
59,0.15309827774763107,0.15309827774763107,0.0,0.0,0.0,0.0,0.0,0.0,0.0,0.0,0.0,0.0,0.0,0.0,0.0,76.38748168945312
60,0.15295587480068207,0.15295587480068207,0.0,0.0,0.0,0.0,0.0,0.0,0.0,0.0,0.0,0.0,0.0,0.0,0.0,76.40658569335938
61,0.1514105200767517,0.1514105200767517,0.0,0.0,0.0,0.0,0.0,0.0,0.0,0.0,0.0,0.0,0.0,0.0,0.0,76.2663345336914
62,0.15017378702759743,0.15017378702759743,0.0,0.0,0.0,0.0,0.0,0.0,0.0,0.0,0.0,0.0,0.0,0.0,0.0,75.85322570800781
63,0.14991360530257225,0.14991360530257225,0.0,0.0,0.0,0.0,0.0,0.0,0.0,0.0,0.0,0.0,0.0,0.0,0.0,76.00994110107422
64,0.14856109023094177,0.14856109023094177,0.0,0.0,0.0,0.0,0.0,0.0,0.0,0.0,0.0,0.0,0.0,0.0,0.0,76.32811737060547
65,0.14753644540905952,0.14753644540905952,0.0,0.0,0.0,0.0,0.0,0.0,0.0,0.0,0.0,0.0,0.0,0.0,0.0,76.05204010009766
66,0.14832788705825806,0.14832788705825806,0.0,0.0,0.0,0.0,0.0,0.0,0.0,0.0,0.0,0.0,0.0,0.0,0.0,76.06893920898438
67,0.14708299934864044,0.14708299934864044,0.0,0.0,0.0,0.0,0.0,0.0,0.0,0.0,0.0,0.0,0.0,0.0,0.0,75.7103042602539
68,0.146665770560503,0.146665770560503,0.0,0.0,0.0,0.0,0.0,0.0,0.0,0.0,0.0,0.0,0.0,0.0,0.0,75.7997055053711
69,0.1457243114709854,0.1457243114709854,0.0,0.0,0.0,0.0,0.0,0.0,0.0,0.0,0.0,0.0,0.0,0.0,0.0,75.74769592285156
70,0.14548954367637634,0.14548954367637634,0.0,0.0,0.0,0.0,0.0,0.0,0.0,0.0,0.0,0.0,0.0,0.0,0.0,75.69806671142578
71,0.1448695994913578,0.1448695994913578,0.0,0.0,0.0,0.0,0.0,0.0,0.0,0.0,0.0,0.0,0.0,0.0,0.0,75.85447692871094
72,0.14415573328733444,0.14415573328733444,0.0,0.0,0.0,0.0,0.0,0.0,0.0,0.0,0.0,0.0,0.0,0.0,0.0,75.02748107910156
73,0.14295173063874245,0.14295173063874245,0.0,0.0,0.0,0.0,0.0,0.0,0.0,0.0,0.0,0.0,0.0,0.0,0.0,75.43933868408203
74,0.143285246565938,0.143285246565938,0.0,0.0,0.0,0.0,0.0,0.0,0.0,0.0,0.0,0.0,0.0,0.0,0.0,75.03980255126953
75,0.1423923410475254,0.1423923410475254,0.0,0.0,0.0,0.0,0.0,0.0,0.0,0.0,0.0,0.0,0.0,0.0,0.0,74.75418090820312
76,0.14259052649140358,0.14259052649140358,0.0,0.0,0.0,0.0,0.0,0.0,0.0,0.0,0.0,0.0,0.0,0.0,0.0,75.48622131347656
77,0.14064129814505577,0.14064129814505577,0.0,0.0,0.0,0.0,0.0,0.0,0.0,0.0,0.0,0.0,0.0,0.0,0.0,75.58002471923828
78,0.14076906442642212,0.14076906442642212,0.0,0.0,0.0,0.0,0.0,0.0,0.0,0.0,0.0,0.0,0.0,0.0,0.0,74.86965942382812
79,0.13979685306549072,0.13979685306549072,0.0,0.0,0.0,0.0,0.0,0.0,0.0,0.0,0.0,0.0,0.0,0.0,0.0,74.86348724365234
80,0.1391675341874361,0.1391675341874361,0.0,0.0,0.0,0.0,0.0,0.0,0.0,0.0,0.0,0.0,0.0,0.0,0.0,74.87044525146484
81,0.13861048221588135,0.13861048221588135,0.0,0.0,0.0,0.0,0.0,0.0,0.0,0.0,0.0,0.0,0.0,0.0,0.0,74.84219360351562
82,0.13855653628706932,0.13855653628706932,0.0,0.0,0.0,0.0,0.0,0.0,0.0,0.0,0.0,0.0,0.0,0.0,0.0,75.17890930175781
83,0.13760317489504814,0.13760317489504814,0.0,0.0,0.0,0.0,0.0,0.0,0.0,0.0,0.0,0.0,0.0,0.0,0.0,74.52796173095703
84,0.13793759420514107,0.13793759420514107,0.0,0.0,0.0,0.0,0.0,0.0,0.0,0.0,0.0,0.0,0.0,0.0,0.0,74.28084564208984
85,0.13769550248980522,0.13769550248980522,0.0,0.0,0.0,0.0,0.0,0.0,0.0,0.0,0.0,0.0,0.0,0.0,0.0,74.28240966796875
86,0.13466248288750648,0.13466248288750648,0.0,0.0,0.0,0.0,0.0,0.0,0.0,0.0,0.0,0.0,0.0,0.0,0.0,74.29681396484375
87,0.135819710791111,0.135819710791111,0.0,0.0,0.0,0.0,0.0,0.0,0.0,0.0,0.0,0.0,0.0,0.0,0.0,74.39491271972656
88,0.1356146577745676,0.1356146577745676,0.0,0.0,0.0,0.0,0.0,0.0,0.0,0.0,0.0,0.0,0.0,0.0,0.0,74.79447937011719
89,0.13453879207372665,0.13453879207372665,0.0,0.0,0.0,0.0,0.0,0.0,0.0,0.0,0.0,0.0,0.0,0.0,0.0,74.0367202758789
90,0.1345158126205206,0.1345158126205206,0.0,0.0,0.0,0.0,0.0,0.0,0.0,0.0,0.0,0.0,0.0,0.0,0.0,73.74677276611328
91,0.13412053883075714,0.13412053883075714,0.0,0.0,0.0,0.0,0.0,0.0,0.0,0.0,0.0,0.0,0.0,0.0,0.0,73.65845489501953
92,0.1336288657039404,0.1336288657039404,0.0,0.0,0.0,0.0,0.0,0.0,0.0,0.0,0.0,0.0,0.0,0.0,0.0,73.53820037841797
93,0.13256064802408218,0.13256064802408218,0.0,0.0,0.0,0.0,0.0,0.0,0.0,0.0,0.0,0.0,0.0,0.0,0.0,73.80889129638672
94,0.13137946650385857,0.13137946650385857,0.0,0.0,0.0,0.0,0.0,0.0,0.0,0.0,0.0,0.0,0.0,0.0,0.0,73.50462341308594
95,0.1324276551604271,0.1324276551604271,0.0,0.0,0.0,0.0,0.0,0.0,0.0,0.0,0.0,0.0,0.0,0.0,0.0,73.577880859375
96,0.13061951287090778,0.13061951287090778,0.0,0.0,0.0,0.0,0.0,0.0,0.0,0.0,0.0,0.0,0.0,0.0,0.0,73.32171630859375
97,0.13088766857981682,0.13088766857981682,0.0,0.0,0.0,0.0,0.0,0.0,0.0,0.0,0.0,0.0,0.0,0.0,0.0,72.94998168945312
98,0.13027751445770264,0.13027751445770264,0.0,0.0,0.0,0.0,0.0,0.0,0.0,0.0,0.0,0.0,0.0,0.0,0.0,73.29607391357422
99,0.12935155257582664,0.12935155257582664,0.0,0.0,0.0,0.0,0.0,0.0,0.0,0.0,0.0,0.0,0.0,0.0,0.0,73.05159759521484
100,0.12903500720858574,0.12903500720858574,0.0,0.0,0.0,0.0,0.0,0.0,0.0,0.0,0.0,0.0,0.0,0.0,0.0,73.28800201416016
101,0.12871600314974785,0.12871600314974785,0.0,0.0,0.0,0.0,0.0,0.0,0.0,0.0,0.0,0.0,0.0,0.0,0.0,72.97709655761719
102,0.12817456386983395,0.12817456386983395,0.0,0.0,0.0,0.0,0.0,0.0,0.0,0.0,0.0,0.0,0.0,0.0,0.0,73.03827667236328
103,0.12858786061406136,0.12858786061406136,0.0,0.0,0.0,0.0,0.0,0.0,0.0,0.0,0.0,0.0,0.0,0.0,0.0,72.86772918701172
104,0.12809445522725582,0.12809445522725582,0.0,0.0,0.0,0.0,0.0,0.0,0.0,0.0,0.0,0.0,0.0,0.0,0.0,72.74078369140625
105,0.12791208550333977,0.12791208550333977,0.0,0.0,0.0,0.0,0.0,0.0,0.0,0.0,0.0,0.0,0.0,0.0,0.0,73.18746948242188
106,0.12733544781804085,0.12733544781804085,0.0,0.0,0.0,0.0,0.0,0.0,0.0,0.0,0.0,0.0,0.0,0.0,0.0,72.27654266357422
107,0.12743784487247467,0.12743784487247467,0.0,0.0,0.0,0.0,0.0,0.0,0.0,0.0,0.0,0.0,0.0,0.0,0.0,72.8753662109375
108,0.12623756378889084,0.12623756378889084,0.0,0.0,0.0,0.0,0.0,0.0,0.0,0.0,0.0,0.0,0.0,0.0,0.0,72.69403076171875
109,0.1257569920271635,0.1257569920271635,0.0,0.0,0.0,0.0,0.0,0.0,0.0,0.0,0.0,0.0,0.0,0.0,0.0,72.94084167480469
110,0.12650380842387676,0.12650380842387676,0.0,0.0,0.0,0.0,0.0,0.0,0.0,0.0,0.0,0.0,0.0,0.0,0.0,72.58349609375
111,0.12572577223181725,0.12572577223181725,0.0,0.0,0.0,0.0,0.0,0.0,0.0,0.0,0.0,0.0,0.0,0.0,0.0,72.31731414794922
112,0.12504209019243717,0.12504209019243717,0.0,0.0,0.0,0.0,0.0,0.0,0.0,0.0,0.0,0.0,0.0,0.0,0.0,72.12623596191406
113,0.12541719898581505,0.12541719898581505,0.0,0.0,0.0,0.0,0.0,0.0,0.0,0.0,0.0,0.0,0.0,0.0,0.0,72.23867797851562
114,0.1244292613118887,0.1244292613118887,0.0,0.0,0.0,0.0,0.0,0.0,0.0,0.0,0.0,0.0,0.0,0.0,0.0,71.99931335449219
115,0.12414727360010147,0.12414727360010147,0.0,0.0,0.0,0.0,0.0,0.0,0.0,0.0,0.0,0.0,0.0,0.0,0.0,71.83104705810547
116,0.12387479841709137,0.12387479841709137,0.0,0.0,0.0,0.0,0.0,0.0,0.0,0.0,0.0,0.0,0.0,0.0,0.0,72.0521240234375
117,0.12317169271409512,0.12317169271409512,0.0,0.0,0.0,0.0,0.0,0.0,0.0,0.0,0.0,0.0,0.0,0.0,0.0,72.04694366455078
118,0.12477463483810425,0.12477463483810425,0.0,0.0,0.0,0.0,0.0,0.0,0.0,0.0,0.0,0.0,0.0,0.0,0.0,71.8499755859375
119,0.12340792082250118,0.12340792082250118,0.0,0.0,0.0,0.0,0.0,0.0,0.0,0.0,0.0,0.0,0.0,0.0,0.0,71.42625427246094
120,0.12309269048273563,0.12309269048273563,0.0,0.0,0.0,0.0,0.0,0.0,0.0,0.0,0.0,0.0,0.0,0.0,0.0,71.2010726928711
121,0.12145879492163658,0.12145879492163658,0.0,0.0,0.0,0.0,0.0,0.0,0.0,0.0,0.0,0.0,0.0,0.0,0.0,71.52548217773438
122,0.12217521667480469,0.12217521667480469,0.0,0.0,0.0,0.0,0.0,0.0,0.0,0.0,0.0,0.0,0.0,0.0,0.0,71.73677062988281
123,0.12123597413301468,0.12123597413301468,0.0,0.0,0.0,0.0,0.0,0.0,0.0,0.0,0.0,0.0,0.0,0.0,0.0,71.60967254638672
124,0.12234531156718731,0.12234531156718731,0.0,0.0,0.0,0.0,0.0,0.0,0.0,0.0,0.0,0.0,0.0,0.0,0.0,71.29556274414062
125,0.12177112326025963,0.12177112326025963,0.0,0.0,0.0,0.0,0.0,0.0,0.0,0.0,0.0,0.0,0.0,0.0,0.0,71.40721130371094
126,0.12247702851891518,0.12247702851891518,0.0,0.0,0.0,0.0,0.0,0.0,0.0,0.0,0.0,0.0,0.0,0.0,0.0,71.15592956542969
127,0.1216670610010624,0.1216670610010624,0.0,0.0,0.0,0.0,0.0,0.0,0.0,0.0,0.0,0.0,0.0,0.0,0.0,71.37274169921875
128,0.12106822058558464,0.12106822058558464,0.0,0.0,0.0,0.0,0.0,0.0,0.0,0.0,0.0,0.0,0.0,0.0,0.0,71.36154174804688
129,0.12097731418907642,0.12097731418907642,0.0,0.0,0.0,0.0,0.0,0.0,0.0,0.0,0.0,0.0,0.0,0.0,0.0,71.27234649658203
130,0.1207387913018465,0.1207387913018465,0.0,0.0,0.0,0.0,0.0,0.0,0.0,0.0,0.0,0.0,0.0,0.0,0.0,71.22177124023438
131,0.1199828889220953,0.1199828889220953,0.0,0.0,0.0,0.0,0.0,0.0,0.0,0.0,0.0,0.0,0.0,0.0,0.0,71.39501953125
132,0.1201395783573389,0.1201395783573389,0.0,0.0,0.0,0.0,0.0,0.0,0.0,0.0,0.0,0.0,0.0,0.0,0.0,71.14154052734375
133,0.11969226226210594,0.11969226226210594,0.0,0.0,0.0,0.0,0.0,0.0,0.0,0.0,0.0,0.0,0.0,0.0,0.0,70.7522201538086
134,0.11908986791968346,0.11908986791968346,0.0,0.0,0.0,0.0,0.0,0.0,0.0,0.0,0.0,0.0,0.0,0.0,0.0,71.11782836914062
135,0.12059843726456165,0.12059843726456165,0.0,0.0,0.0,0.0,0.0,0.0,0.0,0.0,0.0,0.0,0.0,0.0,0.0,70.9752426147461
136,0.11994881369173527,0.11994881369173527,0.0,0.0,0.0,0.0,0.0,0.0,0.0,0.0,0.0,0.0,0.0,0.0,0.0,71.34673309326172
137,0.1179499588906765,0.1179499588906765,0.0,0.0,0.0,0.0,0.0,0.0,0.0,0.0,0.0,0.0,0.0,0.0,0.0,71.27513122558594
138,0.1193597074598074,0.1193597074598074,0.0,0.0,0.0,0.0,0.0,0.0,0.0,0.0,0.0,0.0,0.0,0.0,0.0,71.197509765625
139,0.11846895515918732,0.11846895515918732,0.0,0.0,0.0,0.0,0.0,0.0,0.0,0.0,0.0,0.0,0.0,0.0,0.0,71.14540100097656
140,0.11875800043344498,0.11875800043344498,0.0,0.0,0.0,0.0,0.0,0.0,0.0,0.0,0.0,0.0,0.0,0.0,0.0,71.09920501708984
141,0.1177615150809288,0.1177615150809288,0.0,0.0,0.0,0.0,0.0,0.0,0.0,0.0,0.0,0.0,0.0,0.0,0.0,71.20695495605469
142,0.11805575154721737,0.11805575154721737,0.0,0.0,0.0,0.0,0.0,0.0,0.0,0.0,0.0,0.0,0.0,0.0,0.0,70.94384002685547
143,0.11772788316011429,0.11772788316011429,0.0,0.0,0.0,0.0,0.0,0.0,0.0,0.0,0.0,0.0,0.0,0.0,0.0,70.64715576171875
144,0.11789065040647984,0.11789065040647984,0.0,0.0,0.0,0.0,0.0,0.0,0.0,0.0,0.0,0.0,0.0,0.0,0.0,70.46927642822266
145,0.11809534579515457,0.11809534579515457,0.0,0.0,0.0,0.0,0.0,0.0,0.0,0.0,0.0,0.0,0.0,0.0,0.0,70.6076889038086
146,0.11747624166309834,0.11747624166309834,0.0,0.0,0.0,0.0,0.0,0.0,0.0,0.0,0.0,0.0,0.0,0.0,0.0,70.80692291259766
147,0.11699863150715828,0.11699863150715828,0.0,0.0,0.0,0.0,0.0,0.0,0.0,0.0,0.0,0.0,0.0,0.0,0.0,70.80221557617188
148,0.11776703782379627,0.11776703782379627,0.0,0.0,0.0,0.0,0.0,0.0,0.0,0.0,0.0,0.0,0.0,0.0,0.0,70.8750991821289
149,0.1173859927803278,0.1173859927803278,0.0,0.0,0.0,0.0,0.0,0.0,0.0,0.0,0.0,0.0,0.0,0.0,0.0,70.84162139892578
150,0.11671243607997894,0.11671243607997894,0.0,0.0,0.0,0.0,0.0,0.0,0.0,0.0,0.0,0.0,0.0,0.0,0.0,70.54515075683594
151,0.11640399880707264,0.11640399880707264,0.0,0.0,0.0,0.0,0.0,0.0,0.0,0.0,0.0,0.0,0.0,0.0,0.0,70.49691772460938
152,0.11740930378437042,0.11740930378437042,0.0,0.0,0.0,0.0,0.0,0.0,0.0,0.0,0.0,0.0,0.0,0.0,0.0,70.73938751220703
153,0.11652475222945213,0.11652475222945213,0.0,0.0,0.0,0.0,0.0,0.0,0.0,0.0,0.0,0.0,0.0,0.0,0.0,70.54853057861328
154,0.11637354269623756,0.11637354269623756,0.0,0.0,0.0,0.0,0.0,0.0,0.0,0.0,0.0,0.0,0.0,0.0,0.0,70.55854797363281
155,0.11626783944666386,0.11626783944666386,0.0,0.0,0.0,0.0,0.0,0.0,0.0,0.0,0.0,0.0,0.0,0.0,0.0,70.80284118652344
156,0.11650880798697472,0.11650880798697472,0.0,0.0,0.0,0.0,0.0,0.0,0.0,0.0,0.0,0.0,0.0,0.0,0.0,70.70669555664062
157,0.11559129506349564,0.11559129506349564,0.0,0.0,0.0,0.0,0.0,0.0,0.0,0.0,0.0,0.0,0.0,0.0,0.0,70.65089416503906
158,0.11694284155964851,0.11694284155964851,0.0,0.0,0.0,0.0,0.0,0.0,0.0,0.0,0.0,0.0,0.0,0.0,0.0,70.57991027832031
159,0.11658758670091629,0.11658758670091629,0.0,0.0,0.0,0.0,0.0,0.0,0.0,0.0,0.0,0.0,0.0,0.0,0.0,70.70984649658203
160,0.11614271067082882,0.11614271067082882,0.0,0.0,0.0,0.0,0.0,0.0,0.0,0.0,0.0,0.0,0.0,0.0,0.0,70.82691192626953
161,0.11595088802278042,0.11595088802278042,0.0,0.0,0.0,0.0,0.0,0.0,0.0,0.0,0.0,0.0,0.0,0.0,0.0,70.81827545166016
162,0.11612289026379585,0.11612289026379585,0.0,0.0,0.0,0.0,0.0,0.0,0.0,0.0,0.0,0.0,0.0,0.0,0.0,70.68833923339844
163,0.11575697548687458,0.11575697548687458,0.0,0.0,0.0,0.0,0.0,0.0,0.0,0.0,0.0,0.0,0.0,0.0,0.0,70.39459228515625
164,0.11605461500585079,0.11605461500585079,0.0,0.0,0.0,0.0,0.0,0.0,0.0,0.0,0.0,0.0,0.0,0.0,0.0,70.32219696044922
165,0.11534427478909492,0.11534427478909492,0.0,0.0,0.0,0.0,0.0,0.0,0.0,0.0,0.0,0.0,0.0,0.0,0.0,70.31047058105469
166,0.11482602544128895,0.11482602544128895,0.0,0.0,0.0,0.0,0.0,0.0,0.0,0.0,0.0,0.0,0.0,0.0,0.0,70.3486328125
167,0.11535722389817238,0.11535722389817238,0.0,0.0,0.0,0.0,0.0,0.0,0.0,0.0,0.0,0.0,0.0,0.0,0.0,70.41637420654297
168,0.11527143232524395,0.11527143232524395,0.0,0.0,0.0,0.0,0.0,0.0,0.0,0.0,0.0,0.0,0.0,0.0,0.0,70.46470642089844
169,0.11710918880999088,0.11710918880999088,0.0,0.0,0.0,0.0,0.0,0.0,0.0,0.0,0.0,0.0,0.0,0.0,0.0,70.398681640625
170,0.11551208607852459,0.11551208607852459,0.0,0.0,0.0,0.0,0.0,0.0,0.0,0.0,0.0,0.0,0.0,0.0,0.0,70.42008972167969
171,0.11575223505496979,0.11575223505496979,0.0,0.0,0.0,0.0,0.0,0.0,0.0,0.0,0.0,0.0,0.0,0.0,0.0,70.41580200195312
172,0.11465845443308353,0.11465845443308353,0.0,0.0,0.0,0.0,0.0,0.0,0.0,0.0,0.0,0.0,0.0,0.0,0.0,70.29764556884766
173,0.11499402485787868,0.11499402485787868,0.0,0.0,0.0,0.0,0.0,0.0,0.0,0.0,0.0,0.0,0.0,0.0,0.0,70.29847717285156
174,0.11465428583323956,0.11465428583323956,0.0,0.0,0.0,0.0,0.0,0.0,0.0,0.0,0.0,0.0,0.0,0.0,0.0,70.37228393554688
175,0.11422593519091606,0.11422593519091606,0.0,0.0,0.0,0.0,0.0,0.0,0.0,0.0,0.0,0.0,0.0,0.0,0.0,70.38810729980469
176,0.11602992005646229,0.11602992005646229,0.0,0.0,0.0,0.0,0.0,0.0,0.0,0.0,0.0,0.0,0.0,0.0,0.0,70.39317321777344
177,0.11453923210501671,0.11453923210501671,0.0,0.0,0.0,0.0,0.0,0.0,0.0,0.0,0.0,0.0,0.0,0.0,0.0,70.35697937011719
178,0.11495746672153473,0.11495746672153473,0.0,0.0,0.0,0.0,0.0,0.0,0.0,0.0,0.0,0.0,0.0,0.0,0.0,70.34812927246094
179,0.11408540979027748,0.11408540979027748,0.0,0.0,0.0,0.0,0.0,0.0,0.0,0.0,0.0,0.0,0.0,0.0,0.0,70.35608673095703
180,0.11421524733304977,0.11421524733304977,0.0,0.0,0.0,0.0,0.0,0.0,0.0,0.0,0.0,0.0,0.0,0.0,0.0,70.33573913574219
181,0.11366518028080463,0.11366518028080463,0.0,0.0,0.0,0.0,0.0,0.0,0.0,0.0,0.0,0.0,0.0,0.0,0.0,70.3663101196289
182,0.11492470093071461,0.11492470093071461,0.0,0.0,0.0,0.0,0.0,0.0,0.0,0.0,0.0,0.0,0.0,0.0,0.0,70.39836883544922
183,0.11356211639940739,0.11356211639940739,0.0,0.0,0.0,0.0,0.0,0.0,0.0,0.0,0.0,0.0,0.0,0.0,0.0,70.43067169189453
184,0.11435718089342117,0.11435718089342117,0.0,0.0,0.0,0.0,0.0,0.0,0.0,0.0,0.0,0.0,0.0,0.0,0.0,70.52066040039062
185,0.11322835460305214,0.11322835460305214,0.0,0.0,0.0,0.0,0.0,0.0,0.0,0.0,0.0,0.0,0.0,0.0,0.0,70.49468994140625
186,0.11390999518334866,0.11390999518334866,0.0,0.0,0.0,0.0,0.0,0.0,0.0,0.0,0.0,0.0,0.0,0.0,0.0,70.44210815429688
187,0.11347603052854538,0.11347603052854538,0.0,0.0,0.0,0.0,0.0,0.0,0.0,0.0,0.0,0.0,0.0,0.0,0.0,70.41873168945312
188,0.11451098509132862,0.11451098509132862,0.0,0.0,0.0,0.0,0.0,0.0,0.0,0.0,0.0,0.0,0.0,0.0,0.0,70.42333221435547
189,0.1134146973490715,0.1134146973490715,0.0,0.0,0.0,0.0,0.0,0.0,0.0,0.0,0.0,0.0,0.0,0.0,0.0,70.4300537109375
190,0.114095913246274,0.114095913246274,0.0,0.0,0.0,0.0,0.0,0.0,0.0,0.0,0.0,0.0,0.0,0.0,0.0,70.38687133789062
191,0.11428156308829784,0.11428156308829784,0.0,0.0,0.0,0.0,0.0,0.0,0.0,0.0,0.0,0.0,0.0,0.0,0.0,70.32820892333984
192,0.11422398500144482,0.11422398500144482,0.0,0.0,0.0,0.0,0.0,0.0,0.0,0.0,0.0,0.0,0.0,0.0,0.0,70.31892395019531
193,0.1154250055551529,0.1154250055551529,0.0,0.0,0.0,0.0,0.0,0.0,0.0,0.0,0.0,0.0,0.0,0.0,0.0,70.30986785888672
194,0.1132681779563427,0.1132681779563427,0.0,0.0,0.0,0.0,0.0,0.0,0.0,0.0,0.0,0.0,0.0,0.0,0.0,70.3304672241211
195,0.11266660131514072,0.11266660131514072,0.0,0.0,0.0,0.0,0.0,0.0,0.0,0.0,0.0,0.0,0.0,0.0,0.0,70.33312225341797
196,0.11366087384521961,0.11366087384521961,0.0,0.0,0.0,0.0,0.0,0.0,0.0,0.0,0.0,0.0,0.0,0.0,0.0,70.35031127929688
197,0.11400670371949673,0.11400670371949673,0.0,0.0,0.0,0.0,0.0,0.0,0.0,0.0,0.0,0.0,0.0,0.0,0.0,70.34614562988281
198,0.11437669210135937,0.11437669210135937,0.0,0.0,0.0,0.0,0.0,0.0,0.0,0.0,0.0,0.0,0.0,0.0,0.0,70.31045532226562
199,0.1147996298968792,0.1147996298968792,0.0,0.0,0.0,0.0,0.0,0.0,0.0,0.0,0.0,0.0,0.0,0.0,0.0,70.31988525390625
200,0.11502719856798649,0.11502719856798649,0.0,0.0,0.0,0.0,0.0,0.0,0.0,0.0,0.0,0.0,0.0,0.0,0.0,70.30436706542969
