id,formula,cif_path,split,y_true,model_energy_per_atom,pred_element_reference,pred_affine_energy_composition,pred_composition_only_linear,natoms,nelements
mp-1111421,K3LuCl6,<PROJECT_ROOT>/external_datasets/functional_protocol_round4_widechem_boost/meta_gga_r2scan/cif/mp-1111421.cif,train,-2.2910479652916664,-3.95550422668457,-2.247084115181269,-2.2499348646843123,-1.849851217227466,10,3
mp-1228329,Ba2PtAu,<PROJECT_ROOT>/external_datasets/functional_protocol_round4_widechem_boost/meta_gga_r2scan/cif/mp-1228329.cif,train,-0.7671496675,-4.022584915161133,-0.7093853076932146,-0.7071162606621035,-1.025561852422984,4,3
mp-1214710,BaAs2F12,<PROJECT_ROOT>/external_datasets/functional_protocol_round4_widechem_boost/meta_gga_r2scan/cif/mp-1214710.cif,train,-2.6255550048333323,-4.693317667643229,-2.7821697843712863,-2.779997583562138,-3.084851455080495,60,3
mp-863724,InPd2Au,<PROJECT_ROOT>/external_datasets/functional_protocol_round4_widechem_boost/meta_gga_r2scan/cif/mp-863724.cif,train,-0.434341507500001,-4.489234447479248,-0.3354495659752947,-0.3368105237936518,-0.1458091862785808,4,3
mp-1094694,MgCd2,<PROJECT_ROOT>/external_datasets/functional_protocol_round4_widechem_boost/meta_gga_r2scan/cif/mp-1094694.cif,train,-0.0698242999999981,-1.2088971932729085,-0.0714993418374272,-0.0727469752173393,0.1023500344612182,6,2
mp-867343,Li3Cd,<PROJECT_ROOT>/external_datasets/functional_protocol_round4_widechem_boost/meta_gga_r2scan/cif/mp-867343.cif,train,-0.1753756374999993,-1.8360188007354736,-0.2904283413888491,-0.2903872864843686,-0.2961490680529187,4,2
mp-13944,Li3AlN2,<PROJECT_ROOT>/external_datasets/functional_protocol_round4_widechem_boost/meta_gga_r2scan/cif/mp-13944.cif,train,-1.0450837983333336,-5.203509012858073,-1.012009196624228,-1.0153185284669295,-0.5508759133412708,48,3
mp-7206,TcAgO4,<PROJECT_ROOT>/external_datasets/functional_protocol_round4_widechem_boost/meta_gga_r2scan/cif/mp-7206.cif,train,-1.268720166666668,-6.540063222249349,-1.4025347218201576,-1.3981699871301911,-2.0107313409365286,12,3
mp-3346566,Ca5Mg(CO3)6,<PROJECT_ROOT>/external_datasets/functional_protocol_round4_widechem_boost/meta_gga_r2scan/cif/mp-3346566.cif,train,-2.374640989416666,-7.423846944173177,-2.6177696217770547,-2.620265856374142,-2.2699360075248918,30,4
mp-1205756,DyMgAu,<PROJECT_ROOT>/external_datasets/functional_protocol_round4_widechem_boost/meta_gga_r2scan/cif/mp-1205756.cif,train,-0.7490560766666666,-3.834913465711805,-0.7387349206398444,-0.7398595263548611,-0.582028627521185,9,3
mp-31430,Na2In,<PROJECT_ROOT>/external_datasets/functional_protocol_round4_widechem_boost/meta_gga_r2scan/cif/mp-31430.cif,train,-0.1758322733333332,-1.895607630411784,-0.1853714673171158,-0.1859142317734559,-0.1097408664278885,24,2
mp-556993,NiBiPO5,<PROJECT_ROOT>/external_datasets/functional_protocol_round4_widechem_boost/meta_gga_r2scan/cif/mp-556993.cif,train,-1.8805934405282727,-6.314171314239502,-1.7470224343285778,-1.743239856023436,-2.274099450489431,32,4
mp-18198,ScSnPt,<PROJECT_ROOT>/external_datasets/functional_protocol_round4_widechem_boost/meta_gga_r2scan/cif/mp-18198.cif,train,-1.082850523888889,-6.469191657172309,-0.96392256058994,-0.9668721288877488,-0.5529199237649893,18,3
mp-28740,SrTi11O20,<PROJECT_ROOT>/external_datasets/functional_protocol_round4_widechem_boost/meta_gga_r2scan/cif/mp-28740.cif,train,-3.276530235885417,-8.853915214538574,-3.3452536599496208,-3.347205699108861,-3.073250044299367,64,3
mp-8431,Ca(BRh)2,<PROJECT_ROOT>/external_datasets/functional_protocol_round4_widechem_boost/meta_gga_r2scan/cif/mp-8431.cif,train,-0.694840468999999,-6.614807891845703,-0.7055453009454844,-0.7032996230105635,-1.0184655182464923,10,3
mp-555165,SiO2,<PROJECT_ROOT>/external_datasets/functional_protocol_round4_widechem_boost/meta_gga_r2scan/cif/mp-555165.cif,train,-3.0149218543750003,-7.8803761800130205,-3.138648303401694,-3.144238824116859,-2.359646590911356,48,2
mp-1105861,Tm3Ge3Ru2,<PROJECT_ROOT>/external_datasets/functional_protocol_round4_widechem_boost/meta_gga_r2scan/cif/mp-1105861.cif,train,-0.8661436868750023,-6.508752822875977,-0.7549751693965732,-0.7535835641144031,-0.9488860684245418,16,3
mp-22713,Ce2Ni2Sn,<PROJECT_ROOT>/external_datasets/functional_protocol_round4_widechem_boost/meta_gga_r2scan/cif/mp-22713.cif,train,-0.5059245419999996,-5.982871246337891,-0.6450010697986128,-0.6445744792182753,-0.704443617201324,5,3
mp-865118,NaPrAu2,<PROJECT_ROOT>/external_datasets/functional_protocol_round4_widechem_boost/meta_gga_r2scan/cif/mp-865118.cif,train,-0.6483735204166621,-3.747294425964356,-0.6617048756637938,-0.6617106840057128,-0.6608955220220406,4,3
mp-1222754,LaYMg6,<PROJECT_ROOT>/external_datasets/functional_protocol_round4_widechem_boost/meta_gga_r2scan/cif/mp-1222754.cif,train,-0.1140561318750013,-2.732386589050293,-0.1018503732650479,-0.0993640746592197,-0.4482994735150043,8,3
mp-1209557,PrHf2F11,<PROJECT_ROOT>/external_datasets/functional_protocol_round4_widechem_boost/meta_gga_r2scan/cif/mp-1209557.cif,train,-4.196558104047619,-7.148083823067801,-4.250759256716547,-4.257590788453567,-3.2988309492803936,28,3
mp-567172,Cs2NaYbCl6,<PROJECT_ROOT>/external_datasets/functional_protocol_round4_widechem_boost/meta_gga_r2scan/cif/mp-567172.cif,train,-2.400583374999999,-3.386445999145508,-2.1600301038300707,-2.160220799151845,-2.1334579847379387,10,4
mp-1096463,Sc2CdAu,<PROJECT_ROOT>/external_datasets/functional_protocol_round4_widechem_boost/meta_gga_r2scan/cif/mp-1096463.cif,train,1.8646190725000016,-2.46840500831604,1.7150384648659474,1.7265095638638952,0.1166174556699425,4,3
mp-542930,Eu2(Ga3Ir)3,<PROJECT_ROOT>/external_datasets/functional_protocol_round4_widechem_boost/meta_gga_r2scan/cif/mp-542930.cif,train,-0.6706002728571434,-5.903838566371372,-0.6962760814787821,-0.6972919147993171,-0.554726494844727,28,3
mp-1186486,Pm2RuPt,<PROJECT_ROOT>/external_datasets/functional_protocol_round4_widechem_boost/meta_gga_r2scan/cif/mp-1186486.cif,train,-0.6610729974999998,-6.804642677307129,-0.6694001744244513,-0.6689771276564676,-0.7283489152498919,4,3
mp-1180746,KMnF3,<PROJECT_ROOT>/external_datasets/functional_protocol_round4_widechem_boost/meta_gga_r2scan/cif/mp-1180746.cif,train,-3.008392405646552,-5.597019958496094,-2.7244204316229674,-2.726461290314165,-2.440040407581133,10,3
mp-4930,TiAl2O5,<PROJECT_ROOT>/external_datasets/functional_protocol_round4_widechem_boost/meta_gga_r2scan/cif/mp-4930.cif,train,-3.3160627788020847,-8.02061939239502,-3.3868642076059503,-3.392263481521643,-2.634511458940038,16,3
mp-862755,PrCd3,<PROJECT_ROOT>/external_datasets/functional_protocol_round4_widechem_boost/meta_gga_r2scan/cif/mp-862755.cif,train,-0.3468840704166638,-2.184201240539551,-0.3279804187803736,-0.3276570658542317,-0.3730374887800688,4,2
mp-22466,SrIn4,<PROJECT_ROOT>/external_datasets/functional_protocol_round4_widechem_boost/meta_gga_r2scan/cif/mp-22466.cif,train,-0.3996929139999992,-2.7897315979003907,-0.391702513695948,-0.3910496569117674,-0.4826737449634986,5,2
mp-21806,YNi5Ge3,<PROJECT_ROOT>/external_datasets/functional_protocol_round4_widechem_boost/meta_gga_r2scan/cif/mp-21806.cif,train,-0.5263799205555557,-5.99951171875,-0.5482322081351718,-0.5517456466498807,-0.058658023700832,36,3
mp-569678,Rh4Pb5,<PROJECT_ROOT>/external_datasets/functional_protocol_round4_widechem_boost/meta_gga_r2scan/cif/mp-569678.cif,train,-0.1227937083333283,-5.405674404568142,-0.1418571058345588,-0.1425340093719196,-0.047535120163534,18,2
mp-1372734,CaCrF5,<PROJECT_ROOT>/external_datasets/functional_protocol_round4_widechem_boost/meta_gga_r2scan/cif/mp-1372734.cif,train,-3.546020889285714,-5.943975721086774,-3.375324117693732,-3.378568969805916,-2.923175654075997,28,3
mp-5777,BaTiO3,<PROJECT_ROOT>/external_datasets/functional_protocol_round4_widechem_boost/meta_gga_r2scan/cif/mp-5777.cif,train,-3.3651734495833354,-8.005108642578126,-3.4058390204590205,-3.410023406471102,-2.822772784734301,5,3
mp-29309,Si2H6S,<PROJECT_ROOT>/external_datasets/functional_protocol_round4_widechem_boost/meta_gga_r2scan/cif/mp-29309.cif,train,-0.1387077065625009,-4.026044633653429,-0.0514493966629787,-0.0503633350078605,-0.202784832536643,72,3
mp-698263,KYH4C4O9,<PROJECT_ROOT>/external_datasets/functional_protocol_round4_widechem_boost/meta_gga_r2scan/cif/mp-698263.cif,train,-1.2827191956578954,-6.593701814350329,-1.4459780708334016,-1.4456720236472664,-1.488623701580705,19,5
mp-978906,Sm3Dy,<PROJECT_ROOT>/external_datasets/functional_protocol_round4_widechem_boost/meta_gga_r2scan/cif/mp-978906.cif,train,0.0268380337500033,-4.674707412719727,-0.1397364496305533,-0.1333395722098274,-1.0310985819291163,4,2
mp-1206318,Nd3Sn7,<PROJECT_ROOT>/external_datasets/functional_protocol_round4_widechem_boost/meta_gga_r2scan/cif/mp-1206318.cif,train,-0.6177619562500013,-4.820407104492188,-0.5976235204992699,-0.5958857283058157,-0.8397732528090674,10,2
mp-604964,PH9C(NO)4,<PROJECT_ROOT>/external_datasets/functional_protocol_round4_widechem_boost/meta_gga_r2scan/cif/mp-604964.cif,train,-0.8248182978540101,-5.945347033048931,-0.9199128359261676,-0.9207509642333918,-0.8031252556823263,76,5
mp-1106201,MnGeO3,<PROJECT_ROOT>/external_datasets/functional_protocol_round4_widechem_boost/meta_gga_r2scan/cif/mp-1106201.cif,train,-1.9340705071465507,-7.087580871582031,-1.7826408432432703,-1.7798689127553209,-2.1688908380196805,20,3
mp-22344,Sn7Ru3,<PROJECT_ROOT>/external_datasets/functional_protocol_round4_widechem_boost/meta_gga_r2scan/cif/mp-22344.cif,train,-0.1654972935000017,-5.791696929931641,-0.1867384639941072,-0.1862410353855903,-0.2560518173686232,20,2
mp-12623,BaPdF4,<PROJECT_ROOT>/external_datasets/functional_protocol_round4_widechem_boost/meta_gga_r2scan/cif/mp-12623.cif,train,-2.7717942233333326,-4.987784067789714,-2.8107694435074237,-2.811422606651095,-2.7197555230909085,12,3
mp-1228258,Ba5Li2(TeO5)3,<PROJECT_ROOT>/external_datasets/functional_protocol_round4_widechem_boost/meta_gga_r2scan/cif/mp-1228258.cif,train,-2.2518962351833327,-5.902144775390625,-2.398260666455015,-2.3985362871101152,-2.359854769534272,50,4
mp-4810,Pr(CoGe)2,<PROJECT_ROOT>/external_datasets/functional_protocol_round4_widechem_boost/meta_gga_r2scan/cif/mp-4810.cif,train,-0.5242085283333324,-6.223568344116211,-0.6876321343772327,-0.6916515720857106,-0.1275503427720401,5,3
mp-1186426,PaMn2Ga,<PROJECT_ROOT>/external_datasets/functional_protocol_round4_widechem_boost/meta_gga_r2scan/cif/mp-1186426.cif,train,-0.122504537241376,-7.776598453521728,-0.2646934721549749,-0.2618611904272097,-0.6593530089999665,4,3
mp-1187326,TbCdPt2,<PROJECT_ROOT>/external_datasets/functional_protocol_round4_widechem_boost/meta_gga_r2scan/cif/mp-1187326.cif,train,-0.9086031824999948,-5.233782768249512,-0.7871317446055892,-0.7874926904182535,-0.7368363570195213,4,3
mp-3334,Tm2Sn2O7,<PROJECT_ROOT>/external_datasets/functional_protocol_round4_widechem_boost/meta_gga_r2scan/cif/mp-3334.cif,train,-2.8834713514772754,-7.279554887251421,-2.959707077262932,-2.961455421820788,-2.7160869434711445,22,3
mp-4674,BNF8,<PROJECT_ROOT>/external_datasets/functional_protocol_round4_widechem_boost/meta_gga_r2scan/cif/mp-4674.cif,train,-1.483062583625,-4.392744827270508,-1.7550287847681791,-1.745805436011743,-3.040240814602924,40,3
mp-9473,Ba(NiP)2,<PROJECT_ROOT>/external_datasets/functional_protocol_round4_widechem_boost/meta_gga_r2scan/cif/mp-9473.cif,train,-0.8333062781904772,-5.634701538085937,-0.8438525326598159,-0.8456471995095534,-0.5937776969609355,5,3
mp-1018691,Eu2H3Br,<PROJECT_ROOT>/external_datasets/functional_protocol_round4_widechem_boost/meta_gga_r2scan/cif/mp-1018691.cif,train,-1.1328571789583322,-6.3502991994222,-0.9921455486627488,-0.9939440238756764,-0.7415400429957669,6,3
mp-29745,Na2Mn2Se3,<PROJECT_ROOT>/external_datasets/functional_protocol_round4_widechem_boost/meta_gga_r2scan/cif/mp-29745.cif,train,-1.1338076044504308,-5.203337533133371,-0.920763268583178,-0.9212376271335856,-0.8546645736824203,28,3
mp-4519,KPrO2,<PROJECT_ROOT>/external_datasets/functional_protocol_round4_widechem_boost/meta_gga_r2scan/cif/mp-4519.cif,train,-2.824295783229166,-6.521607398986816,-2.897561282219446,-2.900326620389346,-2.512229882922818,4,3
mp-27635,Rb2SnI6,<PROJECT_ROOT>/external_datasets/functional_protocol_round4_widechem_boost/meta_gga_r2scan/cif/mp-27635.cif,train,-1.0068227763888915,-2.539065890842014,-0.8519629822407269,-0.8533616054266746,-0.6570741852058113,9,3
mp-28117,VCl3,<PROJECT_ROOT>/external_datasets/functional_protocol_round4_widechem_boost/meta_gga_r2scan/cif/mp-28117.cif,train,-1.523692374374999,-4.885769844055176,-1.7463190102557489,-1.7464679548521254,-1.7255645758195288,8,2
mp-2767514,NaSbF6,<PROJECT_ROOT>/external_datasets/functional_protocol_round4_widechem_boost/meta_gga_r2scan/cif/mp-2767514.cif,train,-2.7144501825000003,-4.61754322052002,-2.788757873067813,-2.7889143950746886,-2.7669475771034437,32,3
mp-865434,LuZrRu2,<PROJECT_ROOT>/external_datasets/functional_protocol_round4_widechem_boost/meta_gga_r2scan/cif/mp-865434.cif,train,-0.675581320416665,-8.496723175048828,-0.6783574391363718,-0.6756332781266998,-1.0579510762525306,4,3
mp-1079167,HfGeRh,<PROJECT_ROOT>/external_datasets/functional_protocol_round4_widechem_boost/meta_gga_r2scan/cif/mp-1079167.cif,train,-0.935461634444443,-8.179759555392796,-0.8960138343071087,-0.8954187908930029,-0.9789291586964688,9,3
mp-1018728,HoSe2,<PROJECT_ROOT>/external_datasets/functional_protocol_round4_widechem_boost/meta_gga_r2scan/cif/mp-1018728.cif,train,-1.7675977677083334,-5.395609537760417,-1.748118249964722,-1.7497114052115128,-1.5261227098802224,6,2
mp-1209945,Nd4Re6O19,<PROJECT_ROOT>/external_datasets/functional_protocol_round4_widechem_boost/meta_gga_r2scan/cif/mp-1209945.cif,train,-2.373480888318964,-8.635182347790948,-2.375882029379662,-2.3772320099067183,-2.1877712618857488,29,3
mp-17024,Ba2NbN3,<PROJECT_ROOT>/external_datasets/functional_protocol_round4_widechem_boost/meta_gga_r2scan/cif/mp-17024.cif,train,-1.1723671989583362,-7.466993967692058,-1.0255656016640806,-1.026834168501474,-0.848799287917495,24,3
mp-9124,LiZnAs,<PROJECT_ROOT>/external_datasets/functional_protocol_round4_widechem_boost/meta_gga_r2scan/cif/mp-9124.cif,train,-0.6360342780555553,-3.1265125274658203,-0.5681999198939547,-0.5706901706014289,-0.2212001206826068,3,3
mp-29846,Tb10B2Br15,<PROJECT_ROOT>/external_datasets/functional_protocol_round4_widechem_boost/meta_gga_r2scan/cif/mp-29846.cif,train,-1.7795492302777802,-4.658322652180989,-1.754528058225127,-1.7572797306073389,-1.3711008951446524,27,3
mp-865148,PaAlTc2,<PROJECT_ROOT>/external_datasets/functional_protocol_round4_widechem_boost/meta_gga_r2scan/cif/mp-865148.cif,train,-0.3872171074999997,-8.84942626953125,-0.4384095353024477,-0.440122482975207,-0.1997217209660984,4,3
mp-568484,La3CBr5,<PROJECT_ROOT>/external_datasets/functional_protocol_round4_widechem_boost/meta_gga_r2scan/cif/mp-568484.cif,train,-1.9256531705555533,-5.232449849446614,-1.8105781756947907,-1.8117502988290584,-1.6472506476583422,36,3
mp-21081,ScNiB4,<PROJECT_ROOT>/external_datasets/functional_protocol_round4_widechem_boost/meta_gga_r2scan/cif/mp-21081.cif,train,-0.5949531029166669,-7.034292221069336,-0.6001085209738948,-0.6016072556709737,-0.3912698536823877,24,3
mp-540946,LiReO4,<PROJECT_ROOT>/external_datasets/functional_protocol_round4_widechem_boost/meta_gga_r2scan/cif/mp-540946.cif,train,-1.9372603323611104,-7.53383043077257,-2.111099122633968,-2.1108550517821403,-2.1451087652465546,36,3
mp-11295,DyCd3,<PROJECT_ROOT>/external_datasets/functional_protocol_round4_widechem_boost/meta_gga_r2scan/cif/mp-11295.cif,train,-0.3223251375000018,-2.1140685081481934,-0.321975584796375,-0.3231875608371553,-0.1530948204858077,8,2
mp-18856,MoO3,<PROJECT_ROOT>/external_datasets/functional_protocol_round4_widechem_boost/meta_gga_r2scan/cif/mp-18856.cif,train,-2.1026795328124983,-6.998286724090576,-1.2518838903891476,-1.2436443855443038,-2.400003844009843,32,2
mp-5126,ZnSO4,<PROJECT_ROOT>/external_datasets/functional_protocol_round4_widechem_boost/meta_gga_r2scan/cif/mp-5126.cif,train,-1.58225244796875,-5.58715311686198,-1.83483791841122,-1.830115913749017,-2.492817721306994,24,3
mp-22758,U(SiIr)2,<PROJECT_ROOT>/external_datasets/functional_protocol_round4_widechem_boost/meta_gga_r2scan/cif/mp-22758.cif,train,-0.9761257279999996,-8.76160125732422,-0.9431422809517224,-0.9412702061099588,-1.2040034031832854,10,3
mp-2902968,K3OsF6,<PROJECT_ROOT>/external_datasets/functional_protocol_round4_widechem_boost/meta_gga_r2scan/cif/mp-2902968.cif,train,-2.370667423125002,-4.760122680664063,-2.439005847233113,-2.44004842017517,-2.2937302729829896,10,3
mp-1524494,CeAu2,<PROJECT_ROOT>/external_datasets/functional_protocol_round4_widechem_boost/meta_gga_r2scan/cif/mp-1524494.cif,train,-0.8317576716666603,-4.836717923482259,-0.8281628057799919,-0.830033335903261,-0.567516929747146,6,2
mp-17911,Ba2ZnO3,<PROJECT_ROOT>/external_datasets/functional_protocol_round4_widechem_boost/meta_gga_r2scan/cif/mp-17911.cif,train,-2.400320300625,-5.508230845133464,-2.484726131793068,-2.4873997593431536,-2.112173994667112,24,3
mp-21897,YbIn4Pt,<PROJECT_ROOT>/external_datasets/functional_protocol_round4_widechem_boost/meta_gga_r2scan/cif/mp-21897.cif,train,-0.5460459274999986,-3.5692993799845376,-0.606064039139528,-0.6065175839909545,-0.5428655941371894,12,3
mp-22902,LiBi,<PROJECT_ROOT>/external_datasets/functional_protocol_round4_widechem_boost/meta_gga_r2scan/cif/mp-22902.cif,train,-0.4151564158333336,-3.26901650428772,-0.4593774338759493,-0.4595232424655,-0.4390599810435467,2,2
mp-1213208,Er5BiPd2,<PROJECT_ROOT>/external_datasets/functional_protocol_round4_widechem_boost/meta_gga_r2scan/cif/mp-1213208.cif,train,-0.7645699383333309,-5.337769031524658,-0.7517343718179497,-0.7533421138420016,-0.5277062617740572,16,3
mp-1186508,Pm2InSn,<PROJECT_ROOT>/external_datasets/functional_protocol_round4_widechem_boost/meta_gga_r2scan/cif/mp-1186508.cif,train,-0.6327155737500014,-4.602458953857422,-0.6136529185112911,-0.613513326449012,-0.6331041398013169,4,3
mp-567772,Na,<PROJECT_ROOT>/external_datasets/functional_protocol_round4_widechem_boost/meta_gga_r2scan/cif/mp-567772.cif,train,0.0205552612500001,-1.3061854839324951,-0.1259287677118514,-0.1253541138199523,-0.206002948397774,8,1
mp-1226571,CeSm3S4,<PROJECT_ROOT>/external_datasets/functional_protocol_round4_widechem_boost/meta_gga_r2scan/cif/mp-1226571.cif,train,-2.304631747656252,-6.608615398406982,-2.2488081383594096,-2.255082874420011,-1.3744655885893275,8,3
mp-567580,PaC,<PROJECT_ROOT>/external_datasets/functional_protocol_round4_widechem_boost/meta_gga_r2scan/cif/mp-567580.cif,train,-0.5916299299999963,-9.810962677001951,-0.471549414821478,-0.4723053972093867,-0.3662083196244184,2,2
mp-2039,ScMn2,<PROJECT_ROOT>/external_datasets/functional_protocol_round4_widechem_boost/meta_gga_r2scan/cif/mp-2039.cif,train,-0.1687101046551712,-8.18336550394694,-0.1585439932012189,-0.1584476303413922,-0.1719715139309712,12,2
mp-1206752,CeTl,<PROJECT_ROOT>/external_datasets/functional_protocol_round4_widechem_boost/meta_gga_r2scan/cif/mp-1206752.cif,train,-0.4243827000000024,-4.349535465240479,-0.366810799400997,-0.3647726902592332,-0.6508076921000117,2,2
mp-865096,NaHoTl2,<PROJECT_ROOT>/external_datasets/functional_protocol_round4_widechem_boost/meta_gga_r2scan/cif/mp-865096.cif,train,-0.3084900637499999,-2.873594284057617,-0.29098856049748,-0.2914143831456037,-0.2316530193172836,4,3
mp-1215904,YEr,<PROJECT_ROOT>/external_datasets/functional_protocol_round4_widechem_boost/meta_gga_r2scan/cif/mp-1215904.cif,train,0.0022963833333307,-5.503381252288818,-0.0647608726682573,-0.0626849884871552,-0.3540214647314141,2,2
mp-569639,TlCl,<PROJECT_ROOT>/external_datasets/functional_protocol_round4_widechem_boost/meta_gga_r2scan/cif/mp-569639.cif,train,-1.1049327212500015,-3.117783069610596,-1.1468082909140267,-1.148579253821631,-0.9000364411930695,2,2
mp-27981,PuClO,<PROJECT_ROOT>/external_datasets/functional_protocol_round4_widechem_boost/meta_gga_r2scan/cif/mp-27981.cif,train,-3.1302624433333315,-9.658726374308268,-3.130287156730388,-3.130287400276916,-3.1302532201448203,6,3
mp-1216790,V2MoO8,<PROJECT_ROOT>/external_datasets/functional_protocol_round4_widechem_boost/meta_gga_r2scan/cif/mp-1216790.cif,train,-2.284145378181819,-7.255073547363281,-1.761155878732004,-1.7555859481243443,-2.5372884973004064,11,3
mp-1221804,Mn3NiP2,<PROJECT_ROOT>/external_datasets/functional_protocol_round4_widechem_boost/meta_gga_r2scan/cif/mp-1221804.cif,train,-0.6658136640667749,-7.830889383951823,-0.6748697784633793,-0.6765751511991729,-0.437237480991359,12,3
mp-1227397,BiPt2Pb,<PROJECT_ROOT>/external_datasets/functional_protocol_round4_widechem_boost/meta_gga_r2scan/cif/mp-1227397.cif,train,-0.3000972362500036,-5.180575847625732,-0.2225764058336423,-0.2199860264750954,-0.5835284636339435,4,3
mp-23162,ZrCl2,<PROJECT_ROOT>/external_datasets/functional_protocol_round4_widechem_boost/meta_gga_r2scan/cif/mp-23162.cif,train,-1.8786056900000003,-5.718332290649414,-1.8853332559517408,-1.8845423902968008,-1.995535101352325,3,2
mp-13994,Ti3NiS6,<PROJECT_ROOT>/external_datasets/functional_protocol_round4_widechem_boost/meta_gga_r2scan/cif/mp-13994.cif,train,-1.3704372871874997,-6.618752288818359,-1.282716803764007,-1.279361705143943,-1.7502273817185718,20,3
mp-864628,Pm2SnPd,<PROJECT_ROOT>/external_datasets/functional_protocol_round4_widechem_boost/meta_gga_r2scan/cif/mp-864628.cif,train,-0.7636027337500018,-5.371278762817383,-0.747299501378472,-0.7474249250956877,-0.7298225443140163,4,3
mp-866152,TiBeCo2,<PROJECT_ROOT>/external_datasets/functional_protocol_round4_widechem_boost/meta_gga_r2scan/cif/mp-866152.cif,train,-0.3532542122916666,-6.889438629150391,-0.5087746555732737,-0.5118344291745167,-0.0824156459852005,4,3
mp-21366,Yb(GeRu)2,<PROJECT_ROOT>/external_datasets/functional_protocol_round4_widechem_boost/meta_gga_r2scan/cif/mp-21366.cif,train,-0.678325325000003,-6.436959075927734,-0.7788448395668528,-0.7813304557088054,-0.4324908360964822,5,3
mp-1105187,CuPS3,<PROJECT_ROOT>/external_datasets/functional_protocol_round4_widechem_boost/meta_gga_r2scan/cif/mp-1105187.cif,train,-0.3012488787827393,-4.601173400878906,-0.3683717652456142,-0.3631007423779406,-1.102853587190721,20,3
mp-1193101,SrMnO3,<PROJECT_ROOT>/external_datasets/functional_protocol_round4_widechem_boost/meta_gga_r2scan/cif/mp-1193101.cif,train,-2.644518856813217,-6.840965270996094,-2.282002393341965,-2.2793256238966286,-2.6549923325823896,30,3
mp-7924,Li2Sn5,<PROJECT_ROOT>/external_datasets/functional_protocol_round4_widechem_boost/meta_gga_r2scan/cif/mp-7924.cif,train,-0.1682620269047642,-3.5900720868791853,-0.1961896510157381,-0.1938332848728956,-0.5245335306051796,14,2
mp-865301,TmBr3,<PROJECT_ROOT>/external_datasets/functional_protocol_round4_widechem_boost/meta_gga_r2scan/cif/mp-865301.cif,train,-2.0506904156250023,-4.169858455657959,-2.0548016894024634,-2.054910771257311,-2.0396018616832974,8,2
mp-433,DyAl,<PROJECT_ROOT>/external_datasets/functional_protocol_round4_widechem_boost/meta_gga_r2scan/cif/mp-433.cif,train,-0.4822762162499998,-4.590384006500244,-0.5258775876564608,-0.5216854535326663,-1.1100234709844967,16,2
mp-1183063,Ac2CdGe,<PROJECT_ROOT>/external_datasets/functional_protocol_round4_widechem_boost/meta_gga_r2scan/cif/mp-1183063.cif,train,-0.4648085137500004,-3.8483691215515137,-0.4283418232607014,-0.432324613819202,0.126633432828322,4,3
mp-2903347,Fe3O4,<PROJECT_ROOT>/external_datasets/functional_protocol_round4_widechem_boost/meta_gga_r2scan/cif/mp-2903347.cif,train,-1.4517087264285715,-6.547598702566964,-0.9394815408295852,-0.9346518287275868,-1.612469655885741,7,2
mp-1189265,NaCl3,<PROJECT_ROOT>/external_datasets/functional_protocol_round4_widechem_boost/meta_gga_r2scan/cif/mp-1189265.cif,train,-0.9392581831249992,-2.536712646484375,-1.074777103431626,-1.0708966106313111,-1.6154978503475457,16,2
mp-19934,CeMgPt,<PROJECT_ROOT>/external_datasets/functional_protocol_round4_widechem_boost/meta_gga_r2scan/cif/mp-19934.cif,train,-0.9295069816666656,-5.367836422390408,-0.9178560223565828,-0.9170844977194356,-1.0253628261399583,9,3
mp-1187538,YbPmCu2,<PROJECT_ROOT>/external_datasets/functional_protocol_round4_widechem_boost/meta_gga_r2scan/cif/mp-1187538.cif,train,-0.2292109206250003,-3.841193675994873,-0.4750331270509016,-0.4738448684092615,-0.640609030242622,4,3
mp-637600,Gd6CoBr10,<PROJECT_ROOT>/external_datasets/functional_protocol_round4_widechem_boost/meta_gga_r2scan/cif/mp-637600.cif,train,-1.7735169814705902,-7.939928840188419,-1.7843039464231172,-1.7871460898651934,-1.3882702455708325,17,3
mp-1042,HfSi,<PROJECT_ROOT>/external_datasets/functional_protocol_round4_widechem_boost/meta_gga_r2scan/cif/mp-1042.cif,train,-0.8552623112500015,-8.507287979125977,-0.766681722597311,-0.7646169086738928,-1.0543997482110403,8,2
mp-1197621,Ga4Cu9,<PROJECT_ROOT>/external_datasets/functional_protocol_round4_widechem_boost/meta_gga_r2scan/cif/mp-1197621.cif,train,-0.1198582859615402,-3.8703692509577823,-0.0669823261817641,-0.0683995308716109,0.1304956792803374,52,2
mp-30525,VTeO4,<PROJECT_ROOT>/external_datasets/functional_protocol_round4_widechem_boost/meta_gga_r2scan/cif/mp-30525.cif,train,-1.87532337125,-6.57615343729655,-1.8491772270838664,-1.8454047594101208,-2.374845394307137,24,3
mp-1079297,Si,<PROJECT_ROOT>/external_datasets/functional_protocol_round4_widechem_boost/meta_gga_r2scan/cif/mp-1079297.cif,train,0.0822061062500001,-5.351117134094238,0.2073275910502898,0.2107667226072775,-0.2718924152565937,8,1
mp-30101,Ba4Si3Br2,<PROJECT_ROOT>/external_datasets/functional_protocol_round4_widechem_boost/meta_gga_r2scan/cif/mp-30101.cif,train,-1.1617749425000012,-4.047225104437934,-1.0454637756234488,-1.0448335895229706,-1.133275998575548,36,3
mp-31468,LiCaN,<PROJECT_ROOT>/external_datasets/functional_protocol_round4_widechem_boost/meta_gga_r2scan/cif/mp-31468.cif,train,-0.7978766309722225,-4.730932235717773,-0.8816852470824315,-0.8802209121460347,-1.0857305375369668,12,3
mp-10435,Y(AlSi)2,<PROJECT_ROOT>/external_datasets/functional_protocol_round4_widechem_boost/meta_gga_r2scan/cif/mp-10435.cif,train,-0.4139916920000004,-5.340255737304688,-0.3618055707847549,-0.3612972542256125,-0.4326360873390245,5,3
mp-863031,KNaGdTaO5,<PROJECT_ROOT>/external_datasets/functional_protocol_round4_widechem_boost/meta_gga_r2scan/cif/mp-863031.cif,train,-2.984155050537036,-8.633981492784288,-3.0775720746723785,-3.083714816749926,-2.221622004615459,18,5
mp-865566,LuZnRh2,<PROJECT_ROOT>/external_datasets/functional_protocol_round4_widechem_boost/meta_gga_r2scan/cif/mp-865566.cif,train,-0.8005570904166639,-5.865088939666748,-0.7994858804961726,-0.7972223835040513,-1.114889064373436,4,3
mp-570315,PBr2N,<PROJECT_ROOT>/external_datasets/functional_protocol_round4_widechem_boost/meta_gga_r2scan/cif/mp-570315.cif,train,-0.4324083144940474,-4.565272331237793,-0.570405066653032,-0.565180039270186,-1.2984777250732165,32,3
mp-542964,Eu(TmSe2)2,<PROJECT_ROOT>/external_datasets/functional_protocol_round4_widechem_boost/meta_gga_r2scan/cif/mp-542964.cif,train,-1.6856404966071434,-6.662655421665737,-2.026480534236616,-2.027770475394356,-1.846735851746943,28,3
mp-1223867,K3I2Br,<PROJECT_ROOT>/external_datasets/functional_protocol_round4_widechem_boost/meta_gga_r2scan/cif/mp-1223867.cif,train,-1.7927932189583329,-2.9087184270222983,-1.690412292445259,-1.6948002695358904,-1.078977000075367,6,3
mp-559065,NaI3O8,<PROJECT_ROOT>/external_datasets/functional_protocol_round4_widechem_boost/meta_gga_r2scan/cif/mp-559065.cif,train,-0.596240989791666,-4.331111907958984,-1.010886008865465,-1.0000981531628552,-2.514101629486507,24,3
mp-1077925,Na5Sn2,<PROJECT_ROOT>/external_datasets/functional_protocol_round4_widechem_boost/meta_gga_r2scan/cif/mp-1077925.cif,train,-0.2406972171428561,-2.259168897356306,-0.2596924478261946,-0.2593938907229187,-0.3012943855660897,7,2
mp-1207248,La2CdAu2,<PROJECT_ROOT>/external_datasets/functional_protocol_round4_widechem_boost/meta_gga_r2scan/cif/mp-1207248.cif,train,-0.8233045039999979,-4.212602996826172,-0.7540225797706599,-0.7537911368689318,-0.7862726019016779,10,3
mp-1077267,ErSi2,<PROJECT_ROOT>/external_datasets/functional_protocol_round4_widechem_boost/meta_gga_r2scan/cif/mp-1077267.cif,train,-0.5212470411111122,-5.640968322753906,-0.4548720204632159,-0.4552938786274225,-0.3960889036329602,6,2
mp-864913,Na3UF8,<PROJECT_ROOT>/external_datasets/functional_protocol_round4_widechem_boost/meta_gga_r2scan/cif/mp-864913.cif,train,-3.461805859583334,-5.700998306274414,-3.541029531692562,-3.545523337043808,-2.914847778221076,12,3
mp-867922,ScAlRh2,<PROJECT_ROOT>/external_datasets/functional_protocol_round4_widechem_boost/meta_gga_r2scan/cif/mp-867922.cif,train,-1.157633968749998,-7.285766124725342,-1.1477711863671711,-1.152014767000689,-0.5564565756071921,4,3
mp-985302,Ac3Pr,<PROJECT_ROOT>/external_datasets/functional_protocol_round4_widechem_boost/meta_gga_r2scan/cif/mp-985302.cif,train,0.0178002802083341,-4.2371320724487305,-0.006508994236011,-0.0038537767148705,-0.3764958168207919,8,2
mp-11230,Y2Al,<PROJECT_ROOT>/external_datasets/functional_protocol_round4_widechem_boost/meta_gga_r2scan/cif/mp-11230.cif,train,-0.3362663108333355,-5.872782389322917,-0.3589681742754278,-0.3593793054467644,-0.3016797922355568,12,2
mp-861874,LiHoHg2,<PROJECT_ROOT>/external_datasets/functional_protocol_round4_widechem_boost/meta_gga_r2scan/cif/mp-861874.cif,train,-0.5022920016666674,-2.206540107727051,-0.4938522813025594,-0.4937860528772493,-0.5030807699116714,4,3
mp-1184469,Gd3Y,<PROJECT_ROOT>/external_datasets/functional_protocol_round4_widechem_boost/meta_gga_r2scan/cif/mp-1184469.cif,train,0.0713832049999965,-12.12712574005127,0.0757894888004067,0.0816958991348189,-0.7472293317369298,4,2
mp-767432,Sr16V8O31,<PROJECT_ROOT>/external_datasets/functional_protocol_round4_widechem_boost/meta_gga_r2scan/cif/mp-767432.cif,train,-3.00681608256818,-6.9242431640625,-3.069573361248557,-3.0714307894233626,-2.810753154200489,55,3
mp-756219,CoOF,<PROJECT_ROOT>/external_datasets/functional_protocol_round4_widechem_boost/meta_gga_r2scan/cif/mp-756219.cif,train,-1.5768854170833322,-5.282717704772949,-1.0724725794942724,-1.0660532205442204,-1.9669673627129347,24,3
mp-35220,PHN2,<PROJECT_ROOT>/external_datasets/functional_protocol_round4_widechem_boost/meta_gga_r2scan/cif/mp-35220.cif,train,-0.5212513448065472,-6.7335968017578125,-0.5017269937233788,-0.5019563480514426,-0.4697680003760898,8,3
mp-22474,Na(CoO2)2,<PROJECT_ROOT>/external_datasets/functional_protocol_round4_widechem_boost/meta_gga_r2scan/cif/mp-22474.cif,train,-1.4561544817857148,-5.591136932373047,-0.991258462565238,-0.9865740912636988,-1.6439943080737611,28,3
mp-34322,Dy2Ti2O7,<PROJECT_ROOT>/external_datasets/functional_protocol_round4_widechem_boost/meta_gga_r2scan/cif/mp-34322.cif,train,-3.6680973722348513,-8.753209894353693,-3.718715345625643,-3.724712088278905,-2.883109319949816,22,3
mp-559304,Er2Te5O13,<PROJECT_ROOT>/external_datasets/functional_protocol_round4_widechem_boost/meta_gga_r2scan/cif/mp-559304.cif,train,-1.9098485840208328,-6.197174835205078,-2.1518293523502443,-2.1509531985617283,-2.273915529369289,40,3
mp-1213047,Er(Al5Re)2,<PROJECT_ROOT>/external_datasets/functional_protocol_round4_widechem_boost/meta_gga_r2scan/cif/mp-1213047.cif,train,-0.4067356273076927,-5.493617913661859,-0.2609046985291119,-0.2594854648467075,-0.4586654305505064,78,3
mp-540716,Ta2MnO6,<PROJECT_ROOT>/external_datasets/functional_protocol_round4_widechem_boost/meta_gga_r2scan/cif/mp-540716.cif,train,-2.915278314905489,-9.396686130099829,-2.871262755488531,-2.8739328685982626,-2.49920033214864,36,3
mp-570019,CdI2,<PROJECT_ROOT>/external_datasets/functional_protocol_round4_widechem_boost/meta_gga_r2scan/cif/mp-570019.cif,train,-0.7188180774999987,-1.9045154253641765,-0.7156136693826738,-0.7170491478869936,-0.515589329954162,24,2
mp-755666,Yb2TeO2,<PROJECT_ROOT>/external_datasets/functional_protocol_round4_widechem_boost/meta_gga_r2scan/cif/mp-755666.cif,train,-3.2245924075000034,-5.246223831176758,-2.6716104685717807,-2.674297132037492,-2.2972418636935537,5,3
mp-2767508,CoPO4,<PROJECT_ROOT>/external_datasets/functional_protocol_round4_widechem_boost/meta_gga_r2scan/cif/mp-2767508.cif,train,-1.8444779304960324,-6.716423670450847,-1.8088502361460232,-1.8058784800661456,-2.222944592159529,24,3
mp-1198091,Hf7Ni10,<PROJECT_ROOT>/external_datasets/functional_protocol_round4_widechem_boost/meta_gga_r2scan/cif/mp-1198091.cif,train,-0.4993809591176493,-8.011401905732995,-0.5481538222804527,-0.5470627844034635,-0.7001826614300143,34,2
mp-1205304,TiI2O7,<PROJECT_ROOT>/external_datasets/functional_protocol_round4_widechem_boost/meta_gga_r2scan/cif/mp-1205304.cif,train,-1.1963096367916677,-5.650418853759765,-1.5443262598152296,-1.5352067746491578,-2.8150655922246584,20,3
mp-1211731,K5Sc3F14,<PROJECT_ROOT>/external_datasets/functional_protocol_round4_widechem_boost/meta_gga_r2scan/cif/mp-1211731.cif,train,-3.722285588352273,-5.793814919211648,-3.7554070095234815,-3.764293635587028,-2.517115037361407,44,3
mp-862967,PmTlRh2,<PROJECT_ROOT>/external_datasets/functional_protocol_round4_widechem_boost/meta_gga_r2scan/cif/mp-862967.cif,train,-0.5152247993749981,-5.910279273986816,-0.5269518791189336,-0.5265633670831926,-0.5810884357288382,4,3
mp-867244,LiGdAu2,<PROJECT_ROOT>/external_datasets/functional_protocol_round4_widechem_boost/meta_gga_r2scan/cif/mp-867244.cif,train,-0.7125355916666649,-6.321348667144775,-0.7385025755815242,-0.740971572367628,-0.3944643683219693,4,3
mp-20663,TmCuPb,<PROJECT_ROOT>/external_datasets/functional_protocol_round4_widechem_boost/meta_gga_r2scan/cif/mp-20663.cif,train,-0.4701857666666693,-4.447714169820149,-0.3246411122957964,-0.3233033164206329,-0.5110540299486297,6,3
mp-989523,Rb2NaAsF6,<PROJECT_ROOT>/external_datasets/functional_protocol_round4_widechem_boost/meta_gga_r2scan/cif/mp-989523.cif,train,-2.6878254725000006,-4.456122589111328,-2.6868239372345304,-2.689925691435465,-2.254615211543935,10,4
mp-998881,K,<PROJECT_ROOT>/external_datasets/functional_protocol_round4_widechem_boost/meta_gga_r2scan/cif/mp-998881.cif,train,0.1119751762500005,-0.99502432346344,0.118656847425841,0.1261105860839393,-0.919971837620159,1,1
mp-1212821,Er4Ga12Pt,<PROJECT_ROOT>/external_datasets/functional_protocol_round4_widechem_boost/meta_gga_r2scan/cif/mp-1212821.cif,train,-0.6603714172549009,-4.160577213062959,-0.6677265100136549,-0.6683771071047939,-0.5770701518740489,17,3
mp-1226003,CoPS,<PROJECT_ROOT>/external_datasets/functional_protocol_round4_widechem_boost/meta_gga_r2scan/cif/mp-1226003.cif,train,-0.5820537752628981,-6.0918528238932295,-0.7529903278874448,-0.7550326483374121,-0.4684066175232446,12,3
mp-1094415,Y5Mg,<PROJECT_ROOT>/external_datasets/functional_protocol_round4_widechem_boost/meta_gga_r2scan/cif/mp-1094415.cif,train,0.016452610833331,-5.652961730957031,-0.0220749303070846,-0.021558851885775,-0.093987010497377,6,2
mp-601,PrP,<PROJECT_ROOT>/external_datasets/functional_protocol_round4_widechem_boost/meta_gga_r2scan/cif/mp-601.cif,train,-1.742946234821428,-6.610316276550293,-1.6178063733436785,-1.6179286282851404,-1.600770964007027,2,2
mp-558724,La2SiS5,<PROJECT_ROOT>/external_datasets/functional_protocol_round4_widechem_boost/meta_gga_r2scan/cif/mp-558724.cif,train,-1.908855694257813,-6.151868343353272,-1.7737316504883776,-1.7750032023441449,-1.596549394374616,32,3
mp-1207509,YbSF,<PROJECT_ROOT>/external_datasets/functional_protocol_round4_widechem_boost/meta_gga_r2scan/cif/mp-1207509.cif,train,-3.307253192604165,-4.551163673400879,-2.5866915396162597,-2.586882323457993,-2.560107085859948,12,3
mp-1223301,La2Al3Cu7,<PROJECT_ROOT>/external_datasets/functional_protocol_round4_widechem_boost/meta_gga_r2scan/cif/mp-1223301.cif,train,-0.3452821358333319,-4.483211835225423,-0.2982988102911674,-0.2983142213368825,-0.2961513840312054,12,3
mp-2767430,La4PtO7,<PROJECT_ROOT>/external_datasets/functional_protocol_round4_widechem_boost/meta_gga_r2scan/cif/mp-2767430.cif,train,-3.232270191770835,-7.986302693684895,-3.2875413990044304,-3.291248188383899,-2.7710250633044406,12,3
mp-1164,ThC,<PROJECT_ROOT>/external_datasets/functional_protocol_round4_widechem_boost/meta_gga_r2scan/cif/mp-1164.cif,train,-0.4307376649999952,-8.589067459106445,-0.5200117179145938,-0.5189630899589526,-0.666131017850408,2,2
mp-755638,Li7Ni5O12,<PROJECT_ROOT>/external_datasets/functional_protocol_round4_widechem_boost/meta_gga_r2scan/cif/mp-755638.cif,train,-1.6417009254861104,-4.890927632649739,-1.0148120760090389,-1.0090054970837894,-1.823920056635304,24,3
mp-17651,HoPtF7,<PROJECT_ROOT>/external_datasets/functional_protocol_round4_widechem_boost/meta_gga_r2scan/cif/mp-17651.cif,train,-2.815040818611111,-5.214274512396918,-2.911493126006199,-2.909974164682565,-3.1231502385739045,36,3
mp-505306,Eu2Sn2O7,<PROJECT_ROOT>/external_datasets/functional_protocol_round4_widechem_boost/meta_gga_r2scan/cif/mp-505306.cif,train,-2.520598558750002,-7.963870655406605,-2.6095515206475177,-2.610231675656757,-2.5147764640915327,22,3
mp-1105643,Hf2Be17,<PROJECT_ROOT>/external_datasets/functional_protocol_round4_widechem_boost/meta_gga_r2scan/cif/mp-1105643.cif,train,-0.2421951938157896,-4.619590357730263,-0.1987390693506148,-0.1978841135748608,-0.3178714449090773,19,2
mp-27532,Si(PbSe2)2,<PROJECT_ROOT>/external_datasets/functional_protocol_round4_widechem_boost/meta_gga_r2scan/cif/mp-27532.cif,train,-0.627275367321427,-4.350182397024972,-0.6395342292620763,-0.6382185136001413,-0.8228704167156242,28,3
mp-aaaiejdz,Mg3Sc2(GeO4)3,<PROJECT_ROOT>/external_datasets/functional_protocol_round4_widechem_boost/meta_gga_r2scan/cif/mp-aaaiejdz.cif,train,-2.6507454658750005,-6.949028015136719,-2.781823272370642,-2.786617751705662,-2.113744608003901,80,4
mp-580192,HoGe2Pt,<PROJECT_ROOT>/external_datasets/functional_protocol_round4_widechem_boost/meta_gga_r2scan/cif/mp-580192.cif,train,-0.9300879200000018,-5.820642471313477,-0.865411326833657,-0.8659485510391631,-0.7905527228850622,16,3
mp-7368,Dy2Se3,<PROJECT_ROOT>/external_datasets/functional_protocol_round4_widechem_boost/meta_gga_r2scan/cif/mp-7368.cif,train,-2.162599036937499,-5.79772834777832,-2.044662279785827,-2.0481187546145474,-1.563025604430631,20,2
mp-1215836,Yb2AgPd,<PROJECT_ROOT>/external_datasets/functional_protocol_round4_widechem_boost/meta_gga_r2scan/cif/mp-1215836.cif,train,-0.6821148812499978,-3.405869483947754,-1.0195824993206664,-1.019393592237253,-1.045905439342377,4,3
mp-865502,YAgHg2,<PROJECT_ROOT>/external_datasets/functional_protocol_round4_widechem_boost/meta_gga_r2scan/cif/mp-865502.cif,train,-0.3832732250000035,-2.8221993446350098,-0.2434773077353806,-0.246145412094469,0.1283052096238341,4,3
mp-606510,CsTaI6,<PROJECT_ROOT>/external_datasets/functional_protocol_round4_widechem_boost/meta_gga_r2scan/cif/mp-606510.cif,train,-0.8834201446666654,-3.472662925720215,-0.9076601261231168,-0.9056683317606272,-1.1852033637499373,16,3
mp-862878,PmAg3,<PROJECT_ROOT>/external_datasets/functional_protocol_round4_widechem_boost/meta_gga_r2scan/cif/mp-862878.cif,train,-0.1962987431249949,-3.5095064640045166,0.0071766799494277,0.0047254985443387,0.3487324328893686,4,2
mp-1080643,LaFeSi2,<PROJECT_ROOT>/external_datasets/functional_protocol_round4_widechem_boost/meta_gga_r2scan/cif/mp-1080643.cif,train,-0.5482505474999986,-6.711423397064209,-0.8623151709344583,-0.8652484733772505,-0.4535790723449115,8,3
mp-1205761,K2PdBr6,<PROJECT_ROOT>/external_datasets/functional_protocol_round4_widechem_boost/meta_gga_r2scan/cif/mp-1205761.cif,train,-1.1147537847222222,-2.860715866088867,-1.1530473932906866,-1.1505673655453768,-1.4986226910231044,9,3
mp-780763,V2OF5,<PROJECT_ROOT>/external_datasets/functional_protocol_round4_widechem_boost/meta_gga_r2scan/cif/mp-780763.cif,train,-3.11289815296875,-6.285573482513428,-2.8621612424411578,-2.862102027856765,-2.870412399175184,32,3
mp-1191593,Cs3Te22,<PROJECT_ROOT>/external_datasets/functional_protocol_round4_widechem_boost/meta_gga_r2scan/cif/mp-1191593.cif,train,-0.2725761336000005,-3.0774655151367187,-0.2430834417418439,-0.2421988510900083,-0.366345239298066,25,2
mp-863702,Er2MgIn,<PROJECT_ROOT>/external_datasets/functional_protocol_round4_widechem_boost/meta_gga_r2scan/cif/mp-863702.cif,train,-0.3689567854166711,-3.66425895690918,-0.3494818917547095,-0.3493843454314396,-0.3630743202145226,4,3
mp-1187118,SnPb3,<PROJECT_ROOT>/external_datasets/functional_protocol_round4_widechem_boost/meta_gga_r2scan/cif/mp-1187118.cif,train,0.0892519800000002,-3.7413063049316406,0.0031974370977922,0.0012649370013901,0.2724784148809736,8,2
mp-754401,Al2O3,<PROJECT_ROOT>/external_datasets/functional_protocol_round4_widechem_boost/meta_gga_r2scan/cif/mp-754401.cif,train,-3.2546883942499987,-7.430513763427735,-3.3625880760903986,-3.369831386808434,-2.3532811186642024,10,2
mp-1246286,Mg(GaS2)2,<PROJECT_ROOT>/external_datasets/functional_protocol_round4_widechem_boost/meta_gga_r2scan/cif/mp-1246286.cif,train,-0.9376142916071422,-4.230167933872768,-0.9255002239465746,-0.9239701925845908,-1.1386998724012225,14,3
mp-999502,MoPt,<PROJECT_ROOT>/external_datasets/functional_protocol_round4_widechem_boost/meta_gga_r2scan/cif/mp-999502.cif,train,-0.3581001700000001,-8.769184112548828,-0.6941832987248624,-0.6968953863488192,-0.3162720072498803,4,2
mp-755523,TaS2,<PROJECT_ROOT>/external_datasets/functional_protocol_round4_widechem_boost/meta_gga_r2scan/cif/mp-755523.cif,train,-1.15437805598611,-7.730544408162435,-1.1535858104761898,-1.151723688668639,-1.4130600438907814,6,2
mp-5226,K2SeO4,<PROJECT_ROOT>/external_datasets/functional_protocol_round4_widechem_boost/meta_gga_r2scan/cif/mp-5226.cif,train,-1.5508659373660711,-5.041289738246372,-1.7779875859743617,-1.7732185345473663,-2.442523041233608,28,3
mp-1080181,Pr2InNi2,<PROJECT_ROOT>/external_datasets/functional_protocol_round4_widechem_boost/meta_gga_r2scan/cif/mp-1080181.cif,train,-0.4029119036666657,-5.185847473144531,-0.4488689890475434,-0.4458180733984545,-0.8739937021811519,10,3
mp-1079720,AgO,<PROJECT_ROOT>/external_datasets/functional_protocol_round4_widechem_boost/meta_gga_r2scan/cif/mp-1079720.cif,train,-0.1785533293749992,-3.932687282562256,-0.1830057355654326,-0.1750161545188504,-1.2963004775906004,8,2
mp-1498,Al21Pd8,<PROJECT_ROOT>/external_datasets/functional_protocol_round4_widechem_boost/meta_gga_r2scan/cif/mp-1498.cif,train,-0.5663915224137942,-4.68932789769666,-0.5668429140393512,-0.566266183988664,-0.6472063935831629,58,2
mp-862831,PaTiTc2,<PROJECT_ROOT>/external_datasets/functional_protocol_round4_widechem_boost/meta_gga_r2scan/cif/mp-862831.cif,train,-0.361548776666666,-9.875843048095703,-0.3663477895893585,-0.3644492106445884,-0.6309020815084521,4,3
mp-1199242,Pb(IO3)2,<PROJECT_ROOT>/external_datasets/functional_protocol_round4_widechem_boost/meta_gga_r2scan/cif/mp-1199242.cif,train,-0.6458313722222234,-4.622662862141927,-1.0329541126676092,-1.023062667698568,-2.41126088630916,36,3
mp-1378069,CaVF5,<PROJECT_ROOT>/external_datasets/functional_protocol_round4_widechem_boost/meta_gga_r2scan/cif/mp-1378069.cif,train,-3.655125830357143,-6.018476213727679,-3.6111020479562495,-3.615333278752428,-3.0215083045272544,28,3
mp-15644,DyB2C,<PROJECT_ROOT>/external_datasets/functional_protocol_round4_widechem_boost/meta_gga_r2scan/cif/mp-15644.cif,train,-0.626348023437501,-7.326882362365723,-0.5531225986618145,-0.5535764746928642,-0.489878005992693,32,3
mp-541975,Rb3Ta2S11,<PROJECT_ROOT>/external_datasets/functional_protocol_round4_widechem_boost/meta_gga_r2scan/cif/mp-541975.cif,train,-0.9998432724596338,-5.36308479309082,-0.8935704395552566,-0.8909649603906322,-1.2566265544546376,64,3
mp-1025689,Mo(WS3)2,<PROJECT_ROOT>/external_datasets/functional_protocol_round4_widechem_boost/meta_gga_r2scan/cif/mp-1025689.cif,train,-0.9062297152083324,-7.6701855129665795,-0.9062669423012196,-0.9062671613723065,-0.9062364162018356,9,3
mp-31317,La3PbI3,<PROJECT_ROOT>/external_datasets/functional_protocol_round4_widechem_boost/meta_gga_r2scan/cif/mp-31317.cif,train,-1.381516716071429,-4.446086066109793,-1.2240456533732909,-1.2242896923874422,-1.1900404471258512,28,3
mp-1192533,Sr3AlAs3,<PROJECT_ROOT>/external_datasets/functional_protocol_round4_widechem_boost/meta_gga_r2scan/cif/mp-1192533.cif,train,-1.2562482685714278,-4.313160487583706,-1.4108775141388188,-1.4101789230755015,-1.5082215116613769,28,3
mp-1238823,Cs(CrS2)2,<PROJECT_ROOT>/external_datasets/functional_protocol_round4_widechem_boost/meta_gga_r2scan/cif/mp-1238823.cif,train,-1.085453925892858,-6.065731593540737,-1.1708147749762103,-1.1691924165214296,-1.3968795869893198,28,3
mp-1212213,Ho5BiPt2,<PROJECT_ROOT>/external_datasets/functional_protocol_round4_widechem_boost/meta_gga_r2scan/cif/mp-1212213.cif,train,-1.0509014018750025,-5.791898250579834,-1.0321330578882053,-1.0311679895524524,-1.166608883042851,16,3
mp-867283,Ho2CuRu,<PROJECT_ROOT>/external_datasets/functional_protocol_round4_widechem_boost/meta_gga_r2scan/cif/mp-867283.cif,train,-0.3859661987500011,-5.990209579467773,-0.4462858754062591,-0.446319236221985,-0.4416372686111787,4,3
mp-1191365,GdPS,<PROJECT_ROOT>/external_datasets/functional_protocol_round4_widechem_boost/meta_gga_r2scan/cif/mp-1191365.cif,train,-1.761157309012897,-9.446362813313804,-1.6799783764006957,-1.6835750750023497,-1.1788024550927083,24,3
mp-1224327,Hf2Al3Au,<PROJECT_ROOT>/external_datasets/functional_protocol_round4_widechem_boost/meta_gga_r2scan/cif/mp-1224327.cif,train,-0.5988095116666633,-6.253875732421875,-0.5742116920802438,-0.5710777836133127,-1.0109008999227584,6,3
mp-1113922,Rb3BiF6,<PROJECT_ROOT>/external_datasets/functional_protocol_round4_widechem_boost/meta_gga_r2scan/cif/mp-1113922.cif,train,-2.749801585875,-4.415906524658203,-2.685350469300828,-2.688713117891356,-2.2167878534052647,10,3
mp-862962,CaLaZn2,<PROJECT_ROOT>/external_datasets/functional_protocol_round4_widechem_boost/meta_gga_r2scan/cif/mp-862962.cif,train,-0.3125288237500001,-2.6769514083862305,-0.3741142506713202,-0.3703303259972097,-0.9013788743510328,4,3
mp-752442,BaLu2O4,<PROJECT_ROOT>/external_datasets/functional_protocol_round4_widechem_boost/meta_gga_r2scan/cif/mp-752442.cif,train,-3.68611930904762,-7.752183641706194,-3.74040981216723,-3.745243587707887,-3.066855484078166,28,3
mp-1206518,RbFeCl3,<PROJECT_ROOT>/external_datasets/functional_protocol_round4_widechem_boost/meta_gga_r2scan/cif/mp-1206518.cif,train,-1.44291040975,-4.168679809570312,-1.4590862148880346,-1.4617601856791902,-1.0864862494119576,5,3
mp-977391,LiNd2Os,<PROJECT_ROOT>/external_datasets/functional_protocol_round4_widechem_boost/meta_gga_r2scan/cif/mp-977391.cif,train,-0.1147703479166644,-5.747562408447266,-0.2062162721371958,-0.204422835751771,-0.4561196508539457,4,3
mp-1079942,LuGa2Pd,<PROJECT_ROOT>/external_datasets/functional_protocol_round4_widechem_boost/meta_gga_r2scan/cif/mp-1079942.cif,train,-0.8404531804166631,-4.7161545753479,-0.8093706842970891,-0.8070537063910717,-1.1322260762270475,8,3
mp-971662,Si,<PROJECT_ROOT>/external_datasets/functional_protocol_round4_widechem_boost/meta_gga_r2scan/cif/mp-971662.cif,train,0.0918499482608692,-5.362836091414742,0.1956086337297859,0.1989636639650314,-0.2718924152565937,46,1
mp-555236,Tm2Te5O13,<PROJECT_ROOT>/external_datasets/functional_protocol_round4_widechem_boost/meta_gga_r2scan/cif/mp-555236.cif,train,-1.9169993366874991,-6.193345642089843,-2.1376556960006745,-2.135355809069038,-2.4581295748326037,40,3
mp-1220443,NbMoSe4,<PROJECT_ROOT>/external_datasets/functional_protocol_round4_widechem_boost/meta_gga_r2scan/cif/mp-1220443.cif,train,-0.845846819374998,-6.559413909912109,-0.9597194729758564,-0.958645544217548,-1.1093642707387477,6,3
mp-1519318,KGdHf2O6,<PROJECT_ROOT>/external_datasets/functional_protocol_round4_widechem_boost/meta_gga_r2scan/cif/mp-1519318.cif,train,-3.393884423625002,-9.55615234375,-3.447681677246723,-3.4537722239551707,-2.599004683167376,10,4
mp-27312,Nb2SeF14,<PROJECT_ROOT>/external_datasets/functional_protocol_round4_widechem_boost/meta_gga_r2scan/cif/mp-27312.cif,train,-2.758624896709558,-5.562661563648897,-2.9382720064748886,-2.9364881102115072,-3.1868460329173187,68,3
mp-569388,Te2Ir,<PROJECT_ROOT>/external_datasets/functional_protocol_round4_widechem_boost/meta_gga_r2scan/cif/mp-569388.cif,train,-0.3665196795833338,-5.338218688964844,-0.3738745370110994,-0.3762006514316818,-0.0497460328164012,24,2
mp-1524613,H2,<PROJECT_ROOT>/external_datasets/functional_protocol_round4_widechem_boost/meta_gga_r2scan/cif/mp-1524613.cif,train,0.0018788512499998,-3.392731189727783,0.065575975448497,0.0655677075009455,0.0667280587084859,2,1
mp-22909,ZnCl2,<PROJECT_ROOT>/external_datasets/functional_protocol_round4_widechem_boost/meta_gga_r2scan/cif/mp-22909.cif,train,-1.2910119266666673,-2.7887500127156577,-1.3262681259094635,-1.3266197294442756,-1.2772745223270348,6,2
mp-20628,NaIn,<PROJECT_ROOT>/external_datasets/functional_protocol_round4_widechem_boost/meta_gga_r2scan/cif/mp-20628.cif,train,-0.249961279999999,-2.163271903991699,-0.1880460174600191,-0.1889533892145118,-0.0616098254429458,4,2
mp-1187821,YbAg3,<PROJECT_ROOT>/external_datasets/functional_protocol_round4_widechem_boost/meta_gga_r2scan/cif/mp-1187821.cif,train,-0.2208158074999957,-2.772446870803833,-0.2644183476114428,-0.266473011027533,0.0218852726196364,4,2
mp-1068732,ThSi3Ru,<PROJECT_ROOT>/external_datasets/functional_protocol_round4_widechem_boost/meta_gga_r2scan/cif/mp-1068732.cif,train,-0.7473108139999993,-7.338626098632813,-0.7993271011594247,-0.8014627704791621,-0.5017358494365878,5,3
mp-866274,CeCdHg2,<PROJECT_ROOT>/external_datasets/functional_protocol_round4_widechem_boost/meta_gga_r2scan/cif/mp-866274.cif,train,-0.4669946062499974,-2.2067112922668457,-0.4078560185778244,-0.4080120983834012,-0.3861073404096579,4,3
mp-1666,Th2S5,<PROJECT_ROOT>/external_datasets/functional_protocol_round4_widechem_boost/meta_gga_r2scan/cif/mp-1666.cif,train,-1.989385025580357,-6.801604134695871,-2.0748171401429136,-2.0767842436482784,-1.800714408496929,28,2
mp-2457,Tb2O3,<PROJECT_ROOT>/external_datasets/functional_protocol_round4_widechem_boost/meta_gga_r2scan/cif/mp-2457.cif,train,-3.879255523916667,-8.349577840169271,-3.9277293035727343,-3.939143724370285,-2.337206022929643,15,2
mp-1751,ThSb,<PROJECT_ROOT>/external_datasets/functional_protocol_round4_widechem_boost/meta_gga_r2scan/cif/mp-1751.cif,train,-1.0829929199999953,-6.676230430603027,-0.9240966487872252,-0.9231669871114104,-1.0536387924203243,2,2
mp-3216573,NaYbCl4,<PROJECT_ROOT>/external_datasets/functional_protocol_round4_widechem_boost/meta_gga_r2scan/cif/mp-3216573.cif,train,-2.3738343650000027,-3.312024434407552,-1.9890737968469,-1.9903199931974769,-1.8154246609858415,12,3
mp-867144,CaMgHg2,<PROJECT_ROOT>/external_datasets/functional_protocol_round4_widechem_boost/meta_gga_r2scan/cif/mp-867144.cif,train,-0.4500766775000002,-1.4698693752288818,-0.4680753589102453,-0.4665593036552637,-0.6793275302243514,4,3
mp-1178763,VS2,<PROJECT_ROOT>/external_datasets/functional_protocol_round4_widechem_boost/meta_gga_r2scan/cif/mp-1178763.cif,train,-0.9754036052083328,-6.621924718221028,-1.3887356307737004,-1.3891103479681393,-1.3365212931402457,6,2
mp-1187201,Ta2VRe,<PROJECT_ROOT>/external_datasets/functional_protocol_round4_widechem_boost/meta_gga_r2scan/cif/mp-1187201.cif,train,-0.3087084717916681,-11.574779510498049,-0.2806028429991336,-0.2805218763455883,-0.2918850052459448,4,3
mp-1173309,Sm10Sb3Se7,<PROJECT_ROOT>/external_datasets/functional_protocol_round4_widechem_boost/meta_gga_r2scan/cif/mp-1173309.cif,train,-1.8816308531718733,-5.819720458984375,-1.6825078413316508,-1.6872361735992456,-1.0236463288986697,20,3
mp-23549,Bi3B5O12,<PROJECT_ROOT>/external_datasets/functional_protocol_round4_widechem_boost/meta_gga_r2scan/cif/mp-23549.cif,train,-2.1675663875,-7.236959838867188,-2.398029115790254,-2.3990109927785896,-2.2612111171928952,80,3
mp-29646,HfAs2,<PROJECT_ROOT>/external_datasets/functional_protocol_round4_widechem_boost/meta_gga_r2scan/cif/mp-29646.cif,train,-0.8487006800000026,-7.17544682820638,-0.774940855939021,-0.7736422977635842,-0.9558862622734228,12,2
mp-1205533,TlSnI3,<PROJECT_ROOT>/external_datasets/functional_protocol_round4_widechem_boost/meta_gga_r2scan/cif/mp-1205533.cif,train,-0.628328901499998,-2.765955352783203,-0.6801262909810863,-0.6807166858492453,-0.5978587104145249,10,3
mp-540912,As3Ir,<PROJECT_ROOT>/external_datasets/functional_protocol_round4_widechem_boost/meta_gga_r2scan/cif/mp-540912.cif,train,-0.5082684787499971,-6.121670246124268,-0.4879116201704025,-0.4883309018882151,-0.4294875139317629,16,2
mp-1198022,Ge,<PROJECT_ROOT>/external_datasets/functional_protocol_round4_widechem_boost/meta_gga_r2scan/cif/mp-1198022.cif,train,0.0432531970588222,-4.581550149356618,0.0577007977178931,0.0603682757276891,-0.3139944420514791,34,1
mp-30767,Li7Sn2,<PROJECT_ROOT>/external_datasets/functional_protocol_round4_widechem_boost/meta_gga_r2scan/cif/mp-30767.cif,train,-0.4245730462962961,-2.7478836907280817,-0.4797203523729858,-0.479584012732908,-0.4987183703644756,18,2
mp-1216083,Y2MgS4,<PROJECT_ROOT>/external_datasets/functional_protocol_round4_widechem_boost/meta_gga_r2scan/cif/mp-1216083.cif,train,-2.1632035487500008,-6.309459686279297,-2.009988877394352,-2.017134737610996,-1.014260996288988,14,3
mp-9881,KAuSe,<PROJECT_ROOT>/external_datasets/functional_protocol_round4_widechem_boost/meta_gga_r2scan/cif/mp-9881.cif,train,-0.8549759342708351,-3.3600823084513345,-0.8203740976575613,-0.8199906039827125,-0.8738113792028412,6,3
mp-865026,Mn2VSi,<PROJECT_ROOT>/external_datasets/functional_protocol_round4_widechem_boost/meta_gga_r2scan/cif/mp-865026.cif,train,-0.4578360009913798,-8.716938018798828,-0.9120769489183004,-0.9158273406100764,-0.3894849223009317,4,3
mp-1203398,Ta4Ag2O11,<PROJECT_ROOT>/external_datasets/functional_protocol_round4_widechem_boost/meta_gga_r2scan/cif/mp-1203398.cif,train,-2.5975512738578423,-8.670740464154411,-2.6892371171669858,-2.691937418247945,-2.312968201715312,34,3
mp-1096952,Eu2SnSe5,<PROJECT_ROOT>/external_datasets/functional_protocol_round4_widechem_boost/meta_gga_r2scan/cif/mp-1096952.cif,train,-1.3270582469140637,-6.387118816375732,-1.271147178017462,-1.269938571954416,-1.439558358443596,16,3
mp-979961,Yb2AgHg,<PROJECT_ROOT>/external_datasets/functional_protocol_round4_widechem_boost/meta_gga_r2scan/cif/mp-979961.cif,train,-0.484379730625001,-2.0379202365875244,-0.8902235918524593,-0.8894418760695899,-0.9991504637057812,4,3
mp-1032654,Mg6VZnO8,<PROJECT_ROOT>/external_datasets/functional_protocol_round4_widechem_boost/meta_gga_r2scan/cif/mp-1032654.cif,train,-2.6993746353125,-6.006380558013916,-2.664521312302771,-2.670630331509438,-1.813270299006664,16,4
mp-1110692,Rb3ScCl6,<PROJECT_ROOT>/external_datasets/functional_protocol_round4_widechem_boost/meta_gga_r2scan/cif/mp-1110692.cif,train,-2.2447855683750007,-4.056970596313477,-2.021284696460677,-2.027003375677187,-1.224424953007321,10,3
mp-610738,Zr(InBr3)2,<PROJECT_ROOT>/external_datasets/functional_protocol_round4_widechem_boost/meta_gga_r2scan/cif/mp-610738.cif,train,-1.2666378616666678,-3.744598388671875,-1.326987699859714,-1.326149593526292,-1.4437722182000343,18,3
mp-1183038,ZrZnIr2,<PROJECT_ROOT>/external_datasets/functional_protocol_round4_widechem_boost/meta_gga_r2scan/cif/mp-1183038.cif,train,-0.7596843924999988,-7.511457443237305,-0.7872205821987475,-0.789603413338881,-0.4551889820511572,4,3
mp-569054,La2Co3,<PROJECT_ROOT>/external_datasets/functional_protocol_round4_widechem_boost/meta_gga_r2scan/cif/mp-569054.cif,train,-0.0144825389999994,-6.295878219604492,-0.2015487187003453,-0.2020994192133844,-0.1248122813296337,10,2
mp-30018,Rb2ZnI4,<PROJECT_ROOT>/external_datasets/functional_protocol_round4_widechem_boost/meta_gga_r2scan/cif/mp-30018.cif,train,-1.3156768217857169,-2.472105026245117,-1.0794588193493606,-1.083912622398196,-0.4588511194759021,14,3
mp-1186891,Rb3Yb,<PROJECT_ROOT>/external_datasets/functional_protocol_round4_widechem_boost/meta_gga_r2scan/cif/mp-1186891.cif,train,0.6817004553125017,-0.933112382888794,0.3799472164369932,0.3866234451096799,-0.5503406465377423,4,2
mp-1975342,VO2,<PROJECT_ROOT>/external_datasets/functional_protocol_round4_widechem_boost/meta_gga_r2scan/cif/mp-1975342.cif,train,-2.5375979752777784,-7.65244632297092,-2.1334273950053184,-2.1309083529997723,-2.484439069254394,18,2
mp-30905,Ba3(BN2)2,<PROJECT_ROOT>/external_datasets/functional_protocol_round4_widechem_boost/meta_gga_r2scan/cif/mp-30905.cif,train,-1.19459778138889,-6.8446939256456165,-1.1249830722522374,-1.1269821833596172,-0.8464202951065692,36,3
mp-865011,Mn2NbAl,<PROJECT_ROOT>/external_datasets/functional_protocol_round4_widechem_boost/meta_gga_r2scan/cif/mp-865011.cif,train,-0.206836919741379,-8.29169750213623,-0.3106960771722251,-0.3091402794322233,-0.5274860982657987,4,3
mp-1226004,CoNiPt2,<PROJECT_ROOT>/external_datasets/functional_protocol_round4_widechem_boost/meta_gga_r2scan/cif/mp-1226004.cif,train,-0.1420233800000048,-6.34603214263916,-0.117709899736484,-0.1163396033903856,-0.3086515408875474,4,3
mp-7609,SbOF,<PROJECT_ROOT>/external_datasets/functional_protocol_round4_widechem_boost/meta_gga_r2scan/cif/mp-7609.cif,train,-1.9343590245833344,-5.462436040242513,-1.959068438268175,-1.956224957324576,-2.355288511025729,12,3
mp-5748,HfAlNi2,<PROJECT_ROOT>/external_datasets/functional_protocol_round4_widechem_boost/meta_gga_r2scan/cif/mp-5748.cif,train,-0.6473235700000011,-6.945860385894775,-0.6769362837948307,-0.6774457621858101,-0.6059438737370635,4,3
mp-27904,FeSbS,<PROJECT_ROOT>/external_datasets/functional_protocol_round4_widechem_boost/meta_gga_r2scan/cif/mp-27904.cif,train,-0.2460958376041659,-5.935905456542969,-0.6244120307287098,-0.6267044424166359,-0.304979777167593,12,3
mp-30198,Ba4Ga2O7,<PROJECT_ROOT>/external_datasets/functional_protocol_round4_widechem_boost/meta_gga_r2scan/cif/mp-30198.cif,train,-2.605700281249999,-6.108675443209135,-2.726220862784694,-2.728989560877374,-2.340421280695768,78,3
mp-1204510,ZnH7C3NO6,<PROJECT_ROOT>/external_datasets/functional_protocol_round4_widechem_boost/meta_gga_r2scan/cif/mp-1204510.cif,train,-0.901283286342592,-5.90382554796007,-1.0342772103389546,-1.0345830348581586,-0.991662606740544,108,5
mp-1206773,TmRu3C,<PROJECT_ROOT>/external_datasets/functional_protocol_round4_widechem_boost/meta_gga_r2scan/cif/mp-1206773.cif,train,-0.3092658929999999,-8.560396575927735,-0.2368631761193569,-0.2378391211202908,-0.1008717603354539,5,3
mp-1539667,CsPbCl3,<PROJECT_ROOT>/external_datasets/functional_protocol_round4_widechem_boost/meta_gga_r2scan/cif/mp-1539667.cif,train,-1.6924437955000002,-3.548972320556641,-1.7652961346246174,-1.7652644880549797,-1.7697058726780366,10,3
mp-1211874,K9Gd3Si12(O16F)2,<PROJECT_ROOT>/external_datasets/functional_protocol_round4_widechem_boost/meta_gga_r2scan/cif/mp-1211874.cif,train,-3.0292751405818965,-7.607131431842673,-3.112693045438446,-3.118860983127429,-2.2532321352552973,58,5
mp-23471,K2RuCl6,<PROJECT_ROOT>/external_datasets/functional_protocol_round4_widechem_boost/meta_gga_r2scan/cif/mp-23471.cif,train,-1.3843675997222218,-3.6968900892469616,-1.385634387727455,-1.3844575739824316,-1.5496155210353144,9,3
mp-865144,CdAu3,<PROJECT_ROOT>/external_datasets/functional_protocol_round4_widechem_boost/meta_gga_r2scan/cif/mp-865144.cif,train,-0.1539123012499956,-2.8071091175079346,-0.163972799486701,-0.1653344658697255,0.0257663139614986,8,2
mp-1094961,Mg3Al,<PROJECT_ROOT>/external_datasets/functional_protocol_round4_widechem_boost/meta_gga_r2scan/cif/mp-1094961.cif,train,0.0314960637499996,-2.1155781745910645,0.0064475533223515,0.0092142054186368,-0.3790669328370399,4,2
mp-20661,Ti2PbC,<PROJECT_ROOT>/external_datasets/functional_protocol_round4_widechem_boost/meta_gga_r2scan/cif/mp-20661.cif,train,-0.6623352983333319,-7.747280120849609,-0.4655892710135738,-0.4622994578306993,-0.9240027594550976,8,3
mp-675101,Ca5NbN5,<PROJECT_ROOT>/external_datasets/functional_protocol_round4_widechem_boost/meta_gga_r2scan/cif/mp-675101.cif,train,-1.237675519431818,-6.657600402832031,-1.255473269029613,-1.2549952461510268,-1.3220825635817466,22,3
mp-1025338,Tl2CuF4,<PROJECT_ROOT>/external_datasets/functional_protocol_round4_widechem_boost/meta_gga_r2scan/cif/mp-1025338.cif,train,-1.887073892857144,-4.008890696934292,-1.8986399825738545,-1.8982888653557424,-1.9475658211734816,7,3
mp-23058,NdClO,<PROJECT_ROOT>/external_datasets/functional_protocol_round4_widechem_boost/meta_gga_r2scan/cif/mp-23058.cif,train,-3.375593151249999,-6.889491399129232,-3.3825192687595385,-3.389978895421099,-2.343070129765682,6,3
mp-13660,Ca4Sb2O,<PROJECT_ROOT>/external_datasets/functional_protocol_round4_widechem_boost/meta_gga_r2scan/cif/mp-13660.cif,train,-1.84801018125,-4.660702841622489,-1.727909504326846,-1.7276284345178787,-1.767074704433446,7,3
mp-568508,CsRb(MnCl3)2,<PROJECT_ROOT>/external_datasets/functional_protocol_round4_widechem_boost/meta_gga_r2scan/cif/mp-568508.cif,train,-1.8810323456465512,-4.59822998046875,-1.669654639581133,-1.669982649882427,-1.623948595469991,80,4
mp-33569,Sr(LaSe2)2,<PROJECT_ROOT>/external_datasets/functional_protocol_round4_widechem_boost/meta_gga_r2scan/cif/mp-33569.cif,train,-2.358940671607144,-5.6968994140625,-2.27090081226595,-2.2734485222004066,-1.91589445364682,14,3
mp-865275,TmZrOs2,<PROJECT_ROOT>/external_datasets/functional_protocol_round4_widechem_boost/meta_gga_r2scan/cif/mp-865275.cif,train,-0.4877262237500019,-9.224699020385742,-0.4205661798663609,-0.4221204122004875,-0.2039942876334688,4,3
mp-1186224,NbGaTc2,<PROJECT_ROOT>/external_datasets/functional_protocol_round4_widechem_boost/meta_gga_r2scan/cif/mp-1186224.cif,train,-0.2576365725000009,-8.679298400878906,-0.1570500148147395,-0.1586906050306398,0.071555271309292,4,3
mp-1105197,Cs2PaF7,<PROJECT_ROOT>/external_datasets/functional_protocol_round4_widechem_boost/meta_gga_r2scan/cif/mp-1105197.cif,train,-3.7540686885,-5.931090545654297,-3.859058971167222,-3.862824167225761,-3.3344040549399065,20,3
mp-541104,NaMn3F10,<PROJECT_ROOT>/external_datasets/functional_protocol_round4_widechem_boost/meta_gga_r2scan/cif/mp-541104.cif,train,-2.8816083456034485,-5.5343524387904575,-2.507004963889498,-2.505671120036065,-2.692867193719468,28,3
mp-1006242,EuInNi5,<PROJECT_ROOT>/external_datasets/functional_protocol_round4_widechem_boost/meta_gga_r2scan/cif/mp-1006242.cif,train,-0.1739136364285717,-6.174222128731864,-0.2152860024948362,-0.215991344402898,-0.1170013198564293,14,3
mp-1193170,LaZn13,<PROJECT_ROOT>/external_datasets/functional_protocol_round4_widechem_boost/meta_gga_r2scan/cif/mp-1193170.cif,train,-0.241504162499999,-1.7177009582519531,-0.1779141263357013,-0.1804000336949105,0.1684804563139389,28,2
mp-30613,ErSn2,<PROJECT_ROOT>/external_datasets/functional_protocol_round4_widechem_boost/meta_gga_r2scan/cif/mp-30613.cif,train,-0.5932872644444463,-4.747036616007487,-0.5682196086106286,-0.5681744706697147,-0.5745092791198168,6,2
mp-11313,ZrCd3,<PROJECT_ROOT>/external_datasets/functional_protocol_round4_widechem_boost/meta_gga_r2scan/cif/mp-11313.cif,train,-0.1318945012499988,-2.924461126327514,-0.1503463690828286,-0.1496559691415138,-0.2465489884805017,4,2
mp-21318,PtPb2,<PROJECT_ROOT>/external_datasets/functional_protocol_round4_widechem_boost/meta_gga_r2scan/cif/mp-21318.cif,train,-0.1703893766666624,-4.638020833333333,-0.1541903533047683,-0.1549217900635229,-0.0522695275564732,6,2
mp-1185425,LiSiAg2,<PROJECT_ROOT>/external_datasets/functional_protocol_round4_widechem_boost/meta_gga_r2scan/cif/mp-1185425.cif,train,-0.0842899704166662,-3.364258050918579,0.0482934683201667,0.0470919050670035,0.2157232802393871,4,3
mp-626417,CsH3O2,<PROJECT_ROOT>/external_datasets/functional_protocol_round4_widechem_boost/meta_gga_r2scan/cif/mp-626417.cif,train,-1.2988757872916672,-4.7056576410929365,-1.4308143946290357,-1.429429729189426,-1.6237582729588969,6,3
mp-1203429,Tm2B6Os,<PROJECT_ROOT>/external_datasets/functional_protocol_round4_widechem_boost/meta_gga_r2scan/cif/mp-1203429.cif,train,-0.7821078047222253,-7.398824055989583,-0.7242169084923669,-0.7237683709510092,-0.7867176182909988,36,3
mp-1184247,Eu2ZnHg,<PROJECT_ROOT>/external_datasets/functional_protocol_round4_widechem_boost/meta_gga_r2scan/cif/mp-1184247.cif,train,-0.4241818356249993,-5.922365665435791,-0.3970686550024362,-0.395366402970116,-0.6342661032934933,4,3
mp-1211643,KCaCl3,<PROJECT_ROOT>/external_datasets/functional_protocol_round4_widechem_boost/meta_gga_r2scan/cif/mp-1211643.cif,train,-2.48754682375,-3.971770858764649,-2.477935819113938,-2.4822082397147804,-1.8826025515852645,20,3
mp-1218215,Ta8(CuS8)3,<PROJECT_ROOT>/external_datasets/functional_protocol_round4_widechem_boost/meta_gga_r2scan/cif/mp-1218215.cif,train,-0.895922377604763,-6.667209298270089,-0.9064481570519608,-0.9034934841397452,-1.318162087783166,35,3
mp-707060,NbCl4F,<PROJECT_ROOT>/external_datasets/functional_protocol_round4_widechem_boost/meta_gga_r2scan/cif/mp-707060.cif,train,-1.755446331249999,-4.825072606404622,-1.7981498617139962,-1.7958795511940862,-2.1145024651651405,24,3
mp-aaaieixu,Ca2LuVO6,<PROJECT_ROOT>/external_datasets/functional_protocol_round4_widechem_boost/meta_gga_r2scan/cif/mp-aaaieixu.cif,train,-3.137502253916668,-7.267257690429687,-3.0997838477888857,-3.101383997605864,-2.8768136610775,10,4
mp-1104303,La3Ir2,<PROJECT_ROOT>/external_datasets/functional_protocol_round4_widechem_boost/meta_gga_r2scan/cif/mp-1104303.cif,train,-0.7683746916666678,-7.189606221516927,-0.7597848893428907,-0.7559337939856308,-1.29640929896878,15,2
mp-619575,ClF3,<PROJECT_ROOT>/external_datasets/functional_protocol_round4_widechem_boost/meta_gga_r2scan/cif/mp-619575.cif,train,-0.6182932559375005,-2.487943410873413,-1.0079923830680748,-0.991820632796065,-3.261417743196399,32,2
mp-1214019,Ca3Ge4Au7,<PROJECT_ROOT>/external_datasets/functional_protocol_round4_widechem_boost/meta_gga_r2scan/cif/mp-1214019.cif,train,-0.5384954564285717,-3.8848070417131697,-0.5860063753104692,-0.5859202972041411,-0.5980007843561289,14,3
mp-567542,PbI2,<PROJECT_ROOT>/external_datasets/functional_protocol_round4_widechem_boost/meta_gga_r2scan/cif/mp-567542.cif,train,-0.7647200424999975,-2.917234420776367,-0.8148470770428649,-0.817632368636521,-0.4267353014500052,12,2
mp-1464,Nd5Ge3,<PROJECT_ROOT>/external_datasets/functional_protocol_round4_widechem_boost/meta_gga_r2scan/cif/mp-1464.cif,train,-0.8231713596874961,-5.415809154510498,-0.7812660159611564,-0.7791187643532052,-1.0804711821614972,16,2
mp-9317,KZrCuS3,<PROJECT_ROOT>/external_datasets/functional_protocol_round4_widechem_boost/meta_gga_r2scan/cif/mp-9317.cif,train,-1.4821464528645834,-5.618672053019206,-1.3860430417581986,-1.3871741972122995,-1.2284240862581195,12,4
mp-13203,ScCuSn,<PROJECT_ROOT>/external_datasets/functional_protocol_round4_widechem_boost/meta_gga_r2scan/cif/mp-13203.cif,train,-0.5841547516666689,-5.351939519246419,-0.5078770764421687,-0.5115090788962462,-0.00178179914967,6,3
mp-1018178,Ba2Zn,<PROJECT_ROOT>/external_datasets/functional_protocol_round4_widechem_boost/meta_gga_r2scan/cif/mp-1018178.cif,train,-0.0912820650000014,-1.839849313100179,-0.1262093387641123,-0.1212244211101092,-0.8208243105954856,3,2
mp-1078577,DyNiGe2,<PROJECT_ROOT>/external_datasets/functional_protocol_round4_widechem_boost/meta_gga_r2scan/cif/mp-1078577.cif,train,-0.748460618750002,-5.603736400604248,-0.7339016550190731,-0.7356258361826828,-0.4936485287836837,8,3
mp-1201411,SmSn3Ru,<PROJECT_ROOT>/external_datasets/functional_protocol_round4_widechem_boost/meta_gga_r2scan/cif/mp-1201411.cif,train,-0.4996950357499997,-5.665864181518555,-0.4775130295533367,-0.477915329260842,-0.4214552529973241,40,3
mp-680333,Ge4Se9,<PROJECT_ROOT>/external_datasets/functional_protocol_round4_widechem_boost/meta_gga_r2scan/cif/mp-680333.cif,train,-0.2938857537740379,-4.078150235689604,-0.3783442340728697,-0.3721999695241242,-1.2345064503204477,52,2
mp-2311,NbO,<PROJECT_ROOT>/external_datasets/functional_protocol_round4_widechem_boost/meta_gga_r2scan/cif/mp-2311.cif,train,-2.118676506041666,-9.464996337890623,-2.05652961928849,-2.056591645473463,-2.047886684794053,6,2
mp-1212445,Hf2Si4Mo3,<PROJECT_ROOT>/external_datasets/functional_protocol_round4_widechem_boost/meta_gga_r2scan/cif/mp-1212445.cif,train,-0.6865707605555573,-8.910221523708767,-0.9062411448511742,-0.9104086718955244,-0.3255240936474251,36,3
mp-12287,La3NbO7,<PROJECT_ROOT>/external_datasets/functional_protocol_round4_widechem_boost/meta_gga_r2scan/cif/mp-12287.cif,train,-3.560761803295453,-8.692008278586648,-3.6254229884794023,-3.6314410451652153,-2.786846994761333,22,3
mp-28866,Te2OsCl12,<PROJECT_ROOT>/external_datasets/functional_protocol_round4_widechem_boost/meta_gga_r2scan/cif/mp-28866.cif,train,-0.5948473440000005,-3.155570475260417,-0.7496879059803985,-0.7439405881887557,-1.5505382435489197,15,3
mp-2767155,ZrFeCl6,<PROJECT_ROOT>/external_datasets/functional_protocol_round4_widechem_boost/meta_gga_r2scan/cif/mp-2767155.cif,train,-1.642609844999999,-4.864739894866943,-1.735978417407642,-1.7362793884861256,-1.6940401083494083,16,3
mp-23005,Bi4Te7Pb,<PROJECT_ROOT>/external_datasets/functional_protocol_round4_widechem_boost/meta_gga_r2scan/cif/mp-23005.cif,train,-0.3112987533333324,-3.7013327280680337,-0.280670753636596,-0.2821216064622218,-0.0785041052463488,12,3
mp-972257,LaTb3,<PROJECT_ROOT>/external_datasets/functional_protocol_round4_widechem_boost/meta_gga_r2scan/cif/mp-972257.cif,train,0.0165543974999984,-4.669304370880127,-0.0104383286571803,-0.0028714622283088,-1.0648306127748466,8,2
mp-1188119,PrGaPd2,<PROJECT_ROOT>/external_datasets/functional_protocol_round4_widechem_boost/meta_gga_r2scan/cif/mp-1188119.cif,train,-0.8737664322916672,-5.385177135467529,-0.8122844429123051,-0.8119614272081188,-0.8572945232853557,16,3
mp-1220273,Nd6Ge3Se14,<PROJECT_ROOT>/external_datasets/functional_protocol_round4_widechem_boost/meta_gga_r2scan/cif/mp-1220273.cif,train,-1.5517440057336942,-5.301207832668139,-1.489907294916768,-1.4902421015398373,-1.4432542287686667,23,3
