run_id,rank_weight,seed,rank_tag,split,pred_col,status,metrics_path,predictions_path,runtime_s,best_epoch,trainable_params,total_params,ranking_train_pairs,ranking_pairs_per_step,n,mae_mev_atom,rmse_mev_atom,median_abs_mev_atom,p90_abs_mev_atom,p95_abs_mev_atom,p99_abs_mev_atom,bias_mev_atom,r2
rankw000_seed20260528,0.0,20260528,rankw000,train,pred_r2scan_formdelta,reused_canonical_lambda0,<RUNS_ROOT>/npj_r2scan_protocol_20260909/runs/formdelta/formdelta_frac1000_seed20260528/metrics.json,<RUNS_ROOT>/npj_r2scan_protocol_20260909/runs/formdelta/formdelta_frac1000_seed20260528/r2scan_formdelta_predictions.csv,0.0,198,498404,498643,4595,0,29692,13.545636897585275,39.383041013638696,7.000532038749341,26.66268783644918,41.01911738294266,99.21094695009496,-0.9990979508615707,0.9984228934474543
rankw000_seed20260528,0.0,20260528,rankw000,val,pred_r2scan_formdelta,reused_canonical_lambda0,<RUNS_ROOT>/npj_r2scan_protocol_20260909/runs/formdelta/formdelta_frac1000_seed20260528/metrics.json,<RUNS_ROOT>/npj_r2scan_protocol_20260909/runs/formdelta/formdelta_frac1000_seed20260528/r2scan_formdelta_predictions.csv,0.0,198,498404,498643,4595,0,3712,17.312300229862856,41.55967647584803,8.732357686511483,38.04347532470239,56.37171815472064,134.70850741872252,-1.617867945789892,0.9982327080863859
rankw000_seed20260528,0.0,20260528,rankw000,test,pred_r2scan_formdelta,reused_canonical_lambda0,<RUNS_ROOT>/npj_r2scan_protocol_20260909/runs/formdelta/formdelta_frac1000_seed20260528/metrics.json,<RUNS_ROOT>/npj_r2scan_protocol_20260909/runs/formdelta/formdelta_frac1000_seed20260528/r2scan_formdelta_predictions.csv,0.0,198,498404,498643,4595,0,3711,17.431064690047823,39.46378701357561,8.893540902014774,35.09532257150894,56.21201519510963,157.32946398271605,0.006791448142063089,0.998455106676736
rankw000_seed20260529,0.0,20260529,rankw000,train,pred_r2scan_formdelta,reused_canonical_lambda0,<RUNS_ROOT>/npj_r2scan_protocol_20260909/runs/formdelta/formdelta_frac1000_seed20260529/metrics.json,<RUNS_ROOT>/npj_r2scan_protocol_20260909/runs/formdelta/formdelta_frac1000_seed20260529/r2scan_formdelta_predictions.csv,0.0,192,498404,498643,4595,0,29692,13.86206692720711,40.2859651103698,7.118975257023374,27.240475438129604,41.61338107931056,109.22245569650956,-1.1684148565596582,0.9983497486934872
rankw000_seed20260529,0.0,20260529,rankw000,val,pred_r2scan_formdelta,reused_canonical_lambda0,<RUNS_ROOT>/npj_r2scan_protocol_20260909/runs/formdelta/formdelta_frac1000_seed20260529/metrics.json,<RUNS_ROOT>/npj_r2scan_protocol_20260909/runs/formdelta/formdelta_frac1000_seed20260529/r2scan_formdelta_predictions.csv,0.0,192,498404,498643,4595,0,3712,17.686811763424018,41.930512232256845,8.841674328614268,39.30426103207007,56.97340910712949,156.78884959570033,-2.5720424408772664,0.998201028389364
rankw000_seed20260529,0.0,20260529,rankw000,test,pred_r2scan_formdelta,reused_canonical_lambda0,<RUNS_ROOT>/npj_r2scan_protocol_20260909/runs/formdelta/formdelta_frac1000_seed20260529/metrics.json,<RUNS_ROOT>/npj_r2scan_protocol_20260909/runs/formdelta/formdelta_frac1000_seed20260529/r2scan_formdelta_predictions.csv,0.0,192,498404,498643,4595,0,3711,18.189015082606574,42.569101113240116,9.349822773285666,36.16722007507156,58.73464814207557,167.18899383945217,-0.3379639888190275,0.9982024129174889
rankw000_seed20260530,0.0,20260530,rankw000,train,pred_r2scan_formdelta,reused_canonical_lambda0,<RUNS_ROOT>/npj_r2scan_protocol_20260909/runs/formdelta/formdelta_frac1000_seed20260530/metrics.json,<RUNS_ROOT>/npj_r2scan_protocol_20260909/runs/formdelta/formdelta_frac1000_seed20260530/r2scan_formdelta_predictions.csv,0.0,199,498404,498643,4595,0,29692,13.969709076098539,40.386379753709186,7.1451398112991615,27.722920848163163,42.62373596042752,107.95709211083192,-1.7120132050534516,0.9983415117844247
rankw000_seed20260530,0.0,20260530,rankw000,val,pred_r2scan_formdelta,reused_canonical_lambda0,<RUNS_ROOT>/npj_r2scan_protocol_20260909/runs/formdelta/formdelta_frac1000_seed20260530/metrics.json,<RUNS_ROOT>/npj_r2scan_protocol_20260909/runs/formdelta/formdelta_frac1000_seed20260530/r2scan_formdelta_predictions.csv,0.0,199,498404,498643,4595,0,3712,17.83247376545142,42.78214676063766,8.72881424646954,38.4698671826902,57.89916858844606,142.87922295062293,-2.5957284078202836,0.9981272098327915
rankw000_seed20260530,0.0,20260530,rankw000,test,pred_r2scan_formdelta,reused_canonical_lambda0,<RUNS_ROOT>/npj_r2scan_protocol_20260909/runs/formdelta/formdelta_frac1000_seed20260530/metrics.json,<RUNS_ROOT>/npj_r2scan_protocol_20260909/runs/formdelta/formdelta_frac1000_seed20260530/r2scan_formdelta_predictions.csv,0.0,199,498404,498643,4595,0,3711,17.796354259133384,40.75703051528949,9.141815831355949,35.501910397644835,56.454905423656,154.45191932433943,-0.9864009993090059,0.9983521941200815
rankw005_seed20260528,0.05,20260528,rankw005,train,pred_r2scan_formdelta_rankw005,completed,<RUNS_ROOT>/r2scan_rank_weight_sweep_20260909/runs/rankw005/rankw005_seed20260528/metrics.json,<RUNS_ROOT>/r2scan_rank_weight_sweep_20260909/runs/rankw005/rankw005_seed20260528/r2scan_formdelta_rankw005_predictions.csv,434.53856897354126,190,498404,498643,4595,1024,29692,13.644365437778903,38.82045570899744,7.071537560768116,26.93830269918411,41.01820527819115,101.9506449844964,-0.8992410179472952,0.9984676294419793
rankw005_seed20260528,0.05,20260528,rankw005,val,pred_r2scan_formdelta_rankw005,completed,<RUNS_ROOT>/r2scan_rank_weight_sweep_20260909/runs/rankw005/rankw005_seed20260528/metrics.json,<RUNS_ROOT>/r2scan_rank_weight_sweep_20260909/runs/rankw005/rankw005_seed20260528/r2scan_formdelta_rankw005_predictions.csv,434.53856897354126,190,498404,498643,4595,1024,3712,17.647892487127656,40.9192399883928,8.70718530067549,38.614021226809044,56.39875374415849,146.2232381805273,-1.3086985187347249,0.9982867565045483
rankw005_seed20260528,0.05,20260528,rankw005,test,pred_r2scan_formdelta_rankw005,completed,<RUNS_ROOT>/r2scan_rank_weight_sweep_20260909/runs/rankw005/rankw005_seed20260528/metrics.json,<RUNS_ROOT>/r2scan_rank_weight_sweep_20260909/runs/rankw005/rankw005_seed20260528/r2scan_formdelta_rankw005_predictions.csv,434.53856897354126,190,498404,498643,4595,1024,3711,17.76308558247521,39.65520768284637,9.23101235541579,35.71367386993529,57.612985495737234,154.66671717824173,0.21737748736150117,0.9984400831958141
rankw005_seed20260529,0.05,20260529,rankw005,train,pred_r2scan_formdelta_rankw005,completed,<RUNS_ROOT>/r2scan_rank_weight_sweep_20260909/runs/rankw005/rankw005_seed20260529/metrics.json,<RUNS_ROOT>/r2scan_rank_weight_sweep_20260909/runs/rankw005/rankw005_seed20260529/r2scan_formdelta_rankw005_predictions.csv,433.2947838306427,200,498404,498643,4595,1024,29692,13.661235065909118,39.002530975262445,7.176124632444214,27.073211367259667,40.59889373679964,102.28216711317815,-1.5008868739211068,0.9984532215186569
rankw005_seed20260529,0.05,20260529,rankw005,val,pred_r2scan_formdelta_rankw005,completed,<RUNS_ROOT>/r2scan_rank_weight_sweep_20260909/runs/rankw005/rankw005_seed20260529/metrics.json,<RUNS_ROOT>/r2scan_rank_weight_sweep_20260909/runs/rankw005/rankw005_seed20260529/r2scan_formdelta_rankw005_predictions.csv,433.2947838306427,200,498404,498643,4595,1024,3712,17.78330405034281,41.56623168427064,8.809180822594936,37.65615960242783,58.86572391140896,151.45700803449847,-2.5927125262117743,0.9982321505324553
rankw005_seed20260529,0.05,20260529,rankw005,test,pred_r2scan_formdelta_rankw005,completed,<RUNS_ROOT>/r2scan_rank_weight_sweep_20260909/runs/rankw005/rankw005_seed20260529/metrics.json,<RUNS_ROOT>/r2scan_rank_weight_sweep_20260909/runs/rankw005/rankw005_seed20260529/r2scan_formdelta_rankw005_predictions.csv,433.2947838306427,200,498404,498643,4595,1024,3711,18.351481746358875,42.56735392626532,9.215134577686968,36.781059557089435,60.55259249477958,163.4048800869997,-0.9297168629516981,0.9982025604731667
rankw005_seed20260530,0.05,20260530,rankw005,train,pred_r2scan_formdelta_rankw005,completed,<RUNS_ROOT>/r2scan_rank_weight_sweep_20260909/runs/rankw005/rankw005_seed20260530/metrics.json,<RUNS_ROOT>/r2scan_rank_weight_sweep_20260909/runs/rankw005/rankw005_seed20260530/r2scan_formdelta_rankw005_predictions.csv,433.66648745536804,198,498404,498643,4595,1024,29692,14.028734793812786,40.06034573868523,7.195064452226202,27.33179851428336,42.305514506164386,109.03978846785809,-1.2267030028341634,0.998368181219981
rankw005_seed20260530,0.05,20260530,rankw005,val,pred_r2scan_formdelta_rankw005,completed,<RUNS_ROOT>/r2scan_rank_weight_sweep_20260909/runs/rankw005/rankw005_seed20260530/metrics.json,<RUNS_ROOT>/r2scan_rank_weight_sweep_20260909/runs/rankw005/rankw005_seed20260530/r2scan_formdelta_rankw005_predictions.csv,433.66648745536804,198,498404,498643,4595,1024,3712,18.29151077899291,43.034516350008055,9.014150686659866,38.92655342894745,59.81910508708275,151.2988692496072,-2.2861714359463825,0.9981050496867273
rankw005_seed20260530,0.05,20260530,rankw005,test,pred_r2scan_formdelta_rankw005,completed,<RUNS_ROOT>/r2scan_rank_weight_sweep_20260909/runs/rankw005/rankw005_seed20260530/metrics.json,<RUNS_ROOT>/r2scan_rank_weight_sweep_20260909/runs/rankw005/rankw005_seed20260530/r2scan_formdelta_rankw005_predictions.csv,433.66648745536804,198,498404,498643,4595,1024,3711,18.24127448517337,41.95495601368995,9.212284861144227,37.27118204768698,57.63260457866704,167.36090393788507,-0.8792523992441335,0.9982539064048129
rankw010_seed20260528,0.1,20260528,rankw010,train,pred_r2scan_formdelta_rankw010,completed,<RUNS_ROOT>/r2scan_rank_weight_sweep_20260909/runs/rankw010/rankw010_seed20260528/metrics.json,<RUNS_ROOT>/r2scan_rank_weight_sweep_20260909/runs/rankw010/rankw010_seed20260528/r2scan_formdelta_rankw010_predictions.csv,434.6565327644348,196,498404,498643,4595,1024,29692,13.867281012380179,39.1671956145457,7.15741333733183,27.091649030051926,41.44968819660339,104.78230918929911,-0.5987347020956696,0.9984401332717049
rankw010_seed20260528,0.1,20260528,rankw010,val,pred_r2scan_formdelta_rankw010,completed,<RUNS_ROOT>/r2scan_rank_weight_sweep_20260909/runs/rankw010/rankw010_seed20260528/metrics.json,<RUNS_ROOT>/r2scan_rank_weight_sweep_20260909/runs/rankw010/rankw010_seed20260528/r2scan_formdelta_rankw010_predictions.csv,434.6565327644348,196,498404,498643,4595,1024,3712,18.332192816233242,41.34647728979431,9.295085104784828,39.37107920752965,58.364245299191765,156.168931074388,-1.1466330866529226,0.9982507938264203
rankw010_seed20260528,0.1,20260528,rankw010,test,pred_r2scan_formdelta_rankw010,completed,<RUNS_ROOT>/r2scan_rank_weight_sweep_20260909/runs/rankw010/rankw010_seed20260528/metrics.json,<RUNS_ROOT>/r2scan_rank_weight_sweep_20260909/runs/rankw010/rankw010_seed20260528/r2scan_formdelta_rankw010_predictions.csv,434.6565327644348,196,498404,498643,4595,1024,3711,18.262736679837666,41.1548403648714,9.448583021146762,35.61435364498622,59.04215043109252,172.07581301126373,0.18967288525158577,0.998319870249717
rankw010_seed20260529,0.1,20260529,rankw010,train,pred_r2scan_formdelta_rankw010,completed,<RUNS_ROOT>/r2scan_rank_weight_sweep_20260909/runs/rankw010/rankw010_seed20260529/metrics.json,<RUNS_ROOT>/r2scan_rank_weight_sweep_20260909/runs/rankw010/rankw010_seed20260529/r2scan_formdelta_rankw010_predictions.csv,433.97203540802,200,498404,498643,4595,1024,29692,14.001170910010378,39.26196584161017,7.303484719089425,27.809380889217692,41.89757184624675,104.63282018389911,-1.4256521409881848,0.9984325755302043
rankw010_seed20260529,0.1,20260529,rankw010,val,pred_r2scan_formdelta_rankw010,completed,<RUNS_ROOT>/r2scan_rank_weight_sweep_20260909/runs/rankw010/rankw010_seed20260529/metrics.json,<RUNS_ROOT>/r2scan_rank_weight_sweep_20260909/runs/rankw010/rankw010_seed20260529/r2scan_formdelta_rankw010_predictions.csv,433.97203540802,200,498404,498643,4595,1024,3712,18.548940001414884,42.91718981909304,9.078574653551108,40.42083682524066,61.90734886493427,163.41118542290917,-2.826360002361907,0.9981153681424718
rankw010_seed20260529,0.1,20260529,rankw010,test,pred_r2scan_formdelta_rankw010,completed,<RUNS_ROOT>/r2scan_rank_weight_sweep_20260909/runs/rankw010/rankw010_seed20260529/metrics.json,<RUNS_ROOT>/r2scan_rank_weight_sweep_20260909/runs/rankw010/rankw010_seed20260529/r2scan_formdelta_rankw010_predictions.csv,433.97203540802,200,498404,498643,4595,1024,3711,18.980051611801034,43.704966635389084,9.777162030033482,38.59591995190348,61.74166169874845,167.75811572431792,-0.838070082689532,0.9981052035378755
rankw010_seed20260530,0.1,20260530,rankw010,train,pred_r2scan_formdelta_rankw010,completed,<RUNS_ROOT>/r2scan_rank_weight_sweep_20260909/runs/rankw010/rankw010_seed20260530/metrics.json,<RUNS_ROOT>/r2scan_rank_weight_sweep_20260909/runs/rankw010/rankw010_seed20260530/r2scan_formdelta_rankw010_predictions.csv,437.17151618003845,198,498404,498643,4595,1024,29692,14.336927661997898,40.6893270526034,7.395550929547634,28.13572965485261,42.51349851026029,111.87965259156469,-1.5475027264452563,0.9983165370793234
rankw010_seed20260530,0.1,20260530,rankw010,val,pred_r2scan_formdelta_rankw010,completed,<RUNS_ROOT>/r2scan_rank_weight_sweep_20260909/runs/rankw010/rankw010_seed20260530/metrics.json,<RUNS_ROOT>/r2scan_rank_weight_sweep_20260909/runs/rankw010/rankw010_seed20260530/r2scan_formdelta_rankw010_predictions.csv,437.17151618003845,198,498404,498643,4595,1024,3712,18.780088477191708,43.63046906666446,9.40028495056855,39.30471803597531,61.40895425974977,155.98781450787675,-2.6483363143083225,0.9980522027952986
rankw010_seed20260530,0.1,20260530,rankw010,test,pred_r2scan_formdelta_rankw010,completed,<RUNS_ROOT>/r2scan_rank_weight_sweep_20260909/runs/rankw010/rankw010_seed20260530/metrics.json,<RUNS_ROOT>/r2scan_rank_weight_sweep_20260909/runs/rankw010/rankw010_seed20260530/r2scan_formdelta_rankw010_predictions.csv,437.17151618003845,198,498404,498643,4595,1024,3711,18.794731504641437,43.150799867326825,9.395638639489334,36.98917065185303,59.58030051373952,161.3468417263345,-1.131679808098304,0.9981529498810419
rankw020_seed20260528,0.2,20260528,rankw020,train,pred_r2scan_formdelta_rankw020,completed,<RUNS_ROOT>/r2scan_rank_weight_sweep_20260909/runs/rankw020/rankw020_seed20260528/metrics.json,<RUNS_ROOT>/r2scan_rank_weight_sweep_20260909/runs/rankw020/rankw020_seed20260528/r2scan_formdelta_rankw020_predictions.csv,436.3724181652069,196,498404,498643,4595,1024,29692,14.617210249228277,40.84625719652782,7.511882140731785,28.864783035731513,43.70389515034693,111.7103480716066,-0.41330348490763963,0.9983035265159855
rankw020_seed20260528,0.2,20260528,rankw020,val,pred_r2scan_formdelta_rankw020,completed,<RUNS_ROOT>/r2scan_rank_weight_sweep_20260909/runs/rankw020/rankw020_seed20260528/metrics.json,<RUNS_ROOT>/r2scan_rank_weight_sweep_20260909/runs/rankw020/rankw020_seed20260528/r2scan_formdelta_rankw020_predictions.csv,436.3724181652069,196,498404,498643,4595,1024,3712,19.237044867031326,42.23645547828945,9.702015132410452,41.81002277439983,61.62927772255547,156.43744611442185,-1.1340708266934807,0.9981746804578806
rankw020_seed20260528,0.2,20260528,rankw020,test,pred_r2scan_formdelta_rankw020,completed,<RUNS_ROOT>/r2scan_rank_weight_sweep_20260909/runs/rankw020/rankw020_seed20260528/metrics.json,<RUNS_ROOT>/r2scan_rank_weight_sweep_20260909/runs/rankw020/rankw020_seed20260528/r2scan_formdelta_rankw020_predictions.csv,436.3724181652069,196,498404,498643,4595,1024,3711,19.553539431287607,44.678394686394846,10.117192338711396,39.43351723800609,61.32451634123076,184.6104266187786,0.5103567860013241,0.998019859074816
rankw020_seed20260529,0.2,20260529,rankw020,train,pred_r2scan_formdelta_rankw020,completed,<RUNS_ROOT>/r2scan_rank_weight_sweep_20260909/runs/rankw020/rankw020_seed20260529/metrics.json,<RUNS_ROOT>/r2scan_rank_weight_sweep_20260909/runs/rankw020/rankw020_seed20260529/r2scan_formdelta_rankw020_predictions.csv,434.8458752632141,200,498404,498643,4595,1024,29692,14.636687629731187,39.845276295968425,7.617460902577311,29.681434707076452,44.69855176517022,113.10992064975524,-1.1355724497117812,0.9983856554716861
rankw020_seed20260529,0.2,20260529,rankw020,val,pred_r2scan_formdelta_rankw020,completed,<RUNS_ROOT>/r2scan_rank_weight_sweep_20260909/runs/rankw020/rankw020_seed20260529/metrics.json,<RUNS_ROOT>/r2scan_rank_weight_sweep_20260909/runs/rankw020/rankw020_seed20260529/r2scan_formdelta_rankw020_predictions.csv,434.8458752632141,200,498404,498643,4595,1024,3712,19.505884005754595,43.999971548522645,9.772746775796204,42.2236810765946,67.31640733061555,162.30428245056748,-2.591138540128971,0.9980190716591422
rankw020_seed20260529,0.2,20260529,rankw020,test,pred_r2scan_formdelta_rankw020,completed,<RUNS_ROOT>/r2scan_rank_weight_sweep_20260909/runs/rankw020/rankw020_seed20260529/metrics.json,<RUNS_ROOT>/r2scan_rank_weight_sweep_20260909/runs/rankw020/rankw020_seed20260529/r2scan_formdelta_rankw020_predictions.csv,434.8458752632141,200,498404,498643,4595,1024,3711,20.026846515237768,45.136570963021,9.999694421566174,40.3293265316762,63.48881299795539,173.03519551434346,-0.31763050385743674,0.9979790382020518
rankw020_seed20260530,0.2,20260530,rankw020,train,pred_r2scan_formdelta_rankw020,completed,<RUNS_ROOT>/r2scan_rank_weight_sweep_20260909/runs/rankw020/rankw020_seed20260530/metrics.json,<RUNS_ROOT>/r2scan_rank_weight_sweep_20260909/runs/rankw020/rankw020_seed20260530/r2scan_formdelta_rankw020_predictions.csv,100.69353222846985,193,498404,498643,4595,1024,29692,14.907937417617717,41.5233999261479,7.696986380685389,29.498956408874797,45.051320214708205,110.57377452912307,-1.1092987031975319,0.9982468125499546
rankw020_seed20260530,0.2,20260530,rankw020,val,pred_r2scan_formdelta_rankw020,completed,<RUNS_ROOT>/r2scan_rank_weight_sweep_20260909/runs/rankw020/rankw020_seed20260530/metrics.json,<RUNS_ROOT>/r2scan_rank_weight_sweep_20260909/runs/rankw020/rankw020_seed20260530/r2scan_formdelta_rankw020_predictions.csv,100.69353222846985,193,498404,498643,4595,1024,3712,19.46129704273439,44.31710089966241,9.69351005603375,39.91064273256879,64.18564846657085,175.30996680590073,-2.5183212863734625,0.9979904137119802
rankw020_seed20260530,0.2,20260530,rankw020,test,pred_r2scan_formdelta_rankw020,completed,<RUNS_ROOT>/r2scan_rank_weight_sweep_20260909/runs/rankw020/rankw020_seed20260530/metrics.json,<RUNS_ROOT>/r2scan_rank_weight_sweep_20260909/runs/rankw020/rankw020_seed20260530/r2scan_formdelta_rankw020_predictions.csv,100.69353222846985,193,498404,498643,4595,1024,3711,19.406971423511333,43.62441790425748,9.948828313939062,39.22221077876745,60.95572268765348,163.7033188484778,-0.7452214915032793,0.9981121813630139
