run_id,family,model,seed,split,source_kind,reference_col,source_predictions,canonical_input,metrics_path,prediction_path,canonical_pass,best_epoch,trainable_params,total_params,n,baseline_n,formdelta_n,baseline_mae_mev_atom,formdelta_mae_mev_atom,baseline_rmse_mev_atom,formdelta_rmse_mev_atom,baseline_median_abs_mev_atom,formdelta_median_abs_mev_atom,baseline_p90_abs_mev_atom,formdelta_p90_abs_mev_atom,baseline_p95_abs_mev_atom,formdelta_p95_abs_mev_atom,baseline_p99_abs_mev_atom,formdelta_p99_abs_mev_atom,baseline_bias_mev_atom,formdelta_bias_mev_atom,baseline_r2,formdelta_r2,improvement_mev_atom,relative_improvement_pct
alignn_seed20260528,alignn,ALIGNN,20260528,test,train_only_calibrated_reference,pred_affine_energy_composition,<RUNS_ROOT>/task_specific_reference_299_308/reference_providers/true_alignn_reference/calibrated_predictions.csv,<RUNS_ROOT>/canonical_formdelta_protocol_20260909/inputs/alignn_seed20260528/calibrated_predictions.csv,<RUNS_ROOT>/canonical_formdelta_protocol_20260909/runs/alignn_seed20260528/metrics.json,<RUNS_ROOT>/canonical_formdelta_protocol_20260909/runs/alignn_seed20260528/canonical_formdelta_predictions.csv,True,30,498404,498643,2048,2048,2048,69.0633433752712,68.17037275181015,123.53932727025212,123.1664075006431,37.71554771810774,36.188095808029175,156.07416629791274,157.5984477996826,257.6839566230771,245.5417156219477,505.162163712084,502.51321941614145,-5.84858781399155,-7.56100981567264,0.9882802570612773,0.9883509054520594,0.8929706234610535,1.2929733485517736
alignn_seed20260529,alignn,ALIGNN,20260529,test,train_only_calibrated_reference,pred_affine_energy_composition,<RUNS_ROOT>/task_specific_reference_299_308/reference_providers/true_alignn_reference/calibrated_predictions.csv,<RUNS_ROOT>/canonical_formdelta_protocol_20260909/inputs/alignn_seed20260529/calibrated_predictions.csv,<RUNS_ROOT>/canonical_formdelta_protocol_20260909/runs/alignn_seed20260529/metrics.json,<RUNS_ROOT>/canonical_formdelta_protocol_20260909/runs/alignn_seed20260529/canonical_formdelta_predictions.csv,True,22,498404,498643,2048,2048,2048,69.0633433752712,68.14386254410643,123.53932727025212,122.94040778913315,37.71554771810774,37.04261779785156,156.07416629791274,155.99839687347412,257.6839566230771,248.053043655818,505.162163712084,498.35289787501074,-5.84858781399155,-6.789952291397221,0.9882802570612773,0.9883936163937752,0.9194808311647762,1.3313587009081944
alignn_seed20260530,alignn,ALIGNN,20260530,test,train_only_calibrated_reference,pred_affine_energy_composition,<RUNS_ROOT>/task_specific_reference_299_308/reference_providers/true_alignn_reference/calibrated_predictions.csv,<RUNS_ROOT>/canonical_formdelta_protocol_20260909/inputs/alignn_seed20260530/calibrated_predictions.csv,<RUNS_ROOT>/canonical_formdelta_protocol_20260909/runs/alignn_seed20260530/metrics.json,<RUNS_ROOT>/canonical_formdelta_protocol_20260909/runs/alignn_seed20260530/canonical_formdelta_predictions.csv,True,63,498404,498643,2048,2048,2048,69.0633433752712,68.2314058173592,123.53932727025212,123.40687634001357,37.71554771810774,36.67926788330081,156.07416629791274,153.13332676887512,257.6839566230771,257.00785941444326,505.162163712084,509.2742186784742,-5.84858781399155,-7.760710671218966,0.9882802570612773,0.9883053739006742,0.8319375579119992,1.2046007581641094
chgnet_seed20260528,chgnet,CHGNet,20260528,test,train_only_calibrated_reference,pred_affine_energy_composition,<RUNS_ROOT>/task_specific_reference_299_308/reference_providers/chgnet_reference/calibrated_predictions.csv,<RUNS_ROOT>/canonical_formdelta_protocol_20260909/inputs/chgnet_seed20260528/calibrated_predictions.csv,<RUNS_ROOT>/canonical_formdelta_protocol_20260909/runs/chgnet_seed20260528/metrics.json,<RUNS_ROOT>/canonical_formdelta_protocol_20260909/runs/chgnet_seed20260528/canonical_formdelta_predictions.csv,True,99,498404,498643,2048,2048,2048,33.76272809313858,27.645851063069994,61.89857992793352,58.03736897495089,20.9313858177928,14.862942083885278,72.85123523188952,61.540843415292926,111.26193990700288,87.07365813607584,205.26047547936017,211.19048618247973,-0.767424692028074,-1.957852838088259,0.9970578216598939,0.9974134370335536,6.116877030068583,18.11724755533509
chgnet_seed20260529,chgnet,CHGNet,20260529,test,train_only_calibrated_reference,pred_affine_energy_composition,<RUNS_ROOT>/task_specific_reference_299_308/reference_providers/chgnet_reference/calibrated_predictions.csv,<RUNS_ROOT>/canonical_formdelta_protocol_20260909/inputs/chgnet_seed20260529/calibrated_predictions.csv,<RUNS_ROOT>/canonical_formdelta_protocol_20260909/runs/chgnet_seed20260529/metrics.json,<RUNS_ROOT>/canonical_formdelta_protocol_20260909/runs/chgnet_seed20260529/canonical_formdelta_predictions.csv,True,97,498404,498643,2048,2048,2048,33.76272809313858,28.988461059846355,61.89857992793352,58.28393122423096,20.9313858177928,16.80469892274783,72.85123523188952,64.22210404043577,111.26193990700288,93.49700957883756,205.26047547936017,196.78482181793711,-0.767424692028074,-2.2726724977949586,0.9970578216598939,0.9973914131727278,4.774267033292222,14.140643552623557
chgnet_seed20260530,chgnet,CHGNet,20260530,test,train_only_calibrated_reference,pred_affine_energy_composition,<RUNS_ROOT>/task_specific_reference_299_308/reference_providers/chgnet_reference/calibrated_predictions.csv,<RUNS_ROOT>/canonical_formdelta_protocol_20260909/inputs/chgnet_seed20260530/calibrated_predictions.csv,<RUNS_ROOT>/canonical_formdelta_protocol_20260909/runs/chgnet_seed20260530/metrics.json,<RUNS_ROOT>/canonical_formdelta_protocol_20260909/runs/chgnet_seed20260530/canonical_formdelta_predictions.csv,True,166,498404,498643,2048,2048,2048,33.76272809313858,27.817349296593036,61.89857992793352,56.944160983611056,20.9313858177928,16.0124435236515,72.85123523188952,59.89306041136891,111.26193990700288,85.3450847587964,205.26047547936017,200.8037330271593,-0.767424692028074,-1.4603618701151238,0.9970578216598939,0.9975099617431353,5.9453787965455405,17.60929620421813
eqv3_base_seed20260528,eqv3_base,EqV3,20260528,test,train_only_calibrated_reference,pred_affine_energy_composition,<RUNS_ROOT>/eqv3_matched_benchmark_20260725/calibration/calibrated_predictions.csv,<RUNS_ROOT>/canonical_formdelta_protocol_20260909/inputs/eqv3_base_seed20260528/calibrated_predictions.csv,<RUNS_ROOT>/canonical_formdelta_protocol_20260909/runs/eqv3_base_seed20260528/metrics.json,<RUNS_ROOT>/canonical_formdelta_protocol_20260909/runs/eqv3_base_seed20260528/canonical_formdelta_predictions.csv,True,198,498404,498643,2043,2043,2043,112.97331908199969,30.263588792471445,172.33143313875735,72.51305994088945,72.90854487345116,11.980829280191173,245.4570685277603,62.1622022543735,376.99567016888477,119.04356440866323,670.6566887680349,326.22505643773076,6.330098828236369,-1.5654568694104394,0.9772236248424399,0.9959673728252971,82.70973028952824,73.21173792326562
eqv3_base_seed20260529,eqv3_base,EqV3,20260529,test,train_only_calibrated_reference,pred_affine_energy_composition,<RUNS_ROOT>/eqv3_matched_benchmark_20260725/calibration/calibrated_predictions.csv,<RUNS_ROOT>/canonical_formdelta_protocol_20260909/inputs/eqv3_base_seed20260529/calibrated_predictions.csv,<RUNS_ROOT>/canonical_formdelta_protocol_20260909/runs/eqv3_base_seed20260529/metrics.json,<RUNS_ROOT>/canonical_formdelta_protocol_20260909/runs/eqv3_base_seed20260529/canonical_formdelta_predictions.csv,True,200,498404,498643,2043,2043,2043,112.97331908199969,30.253021197907124,172.33143313875735,71.52617887761929,72.90854487345116,12.722281893333465,245.4570685277603,64.05728042757086,376.99567016888477,115.99430575184705,670.6566887680349,323.0640522531847,6.330098828236369,-1.9225690029157705,0.9772236248424399,0.9960763915861788,82.72029788409256,73.22109198549039
eqv3_base_seed20260530,eqv3_base,EqV3,20260530,test,train_only_calibrated_reference,pred_affine_energy_composition,<RUNS_ROOT>/eqv3_matched_benchmark_20260725/calibration/calibrated_predictions.csv,<RUNS_ROOT>/canonical_formdelta_protocol_20260909/inputs/eqv3_base_seed20260530/calibrated_predictions.csv,<RUNS_ROOT>/canonical_formdelta_protocol_20260909/runs/eqv3_base_seed20260530/metrics.json,<RUNS_ROOT>/canonical_formdelta_protocol_20260909/runs/eqv3_base_seed20260530/canonical_formdelta_predictions.csv,True,185,498404,498643,2043,2043,2043,112.97331908199969,29.676003609212906,172.33143313875735,70.5975018563448,72.90854487345116,12.188870065154678,245.4570685277603,61.86294224519461,376.99567016888477,108.32192427406495,670.6566887680349,310.6138866131427,6.330098828236369,-0.8866760666528266,0.9772236248424399,0.9961776163458409,83.29731547278678,73.73184761645082
eqv3_lora_seed20260528,eqv3_lora,EqV3-LoRA,20260528,test,frozen_lora_direct_prediction,pred_element_reference,<RUNS_ROOT>/eqv3_lora_fegx_multiseed_20260904/seed20260528/lora_direct_primary_package/calibrated_predictions.csv,<RUNS_ROOT>/canonical_formdelta_protocol_20260909/inputs/eqv3_lora_seed20260528/calibrated_predictions.csv,<RUNS_ROOT>/canonical_formdelta_protocol_20260909/runs/eqv3_lora_seed20260528/metrics.json,<RUNS_ROOT>/canonical_formdelta_protocol_20260909/runs/eqv3_lora_seed20260528/canonical_formdelta_predictions.csv,True,92,498404,498643,2048,2048,2048,12.02516154961408,10.658264258323056,60.30065797046469,59.78092274570929,4.153847694396973,2.645798027515453,14.870172739028966,12.677248567342792,26.83268785476679,24.234017729759177,156.3826130703091,153.91873359680176,-5.703997643932361,-2.7702312516435446,0.9972077665611516,0.9972556920078928,1.366897291291023,11.366976532093997
eqv3_lora_seed20260529,eqv3_lora,EqV3-LoRA,20260529,test,frozen_lora_direct_prediction,pred_element_reference,<RUNS_ROOT>/eqv3_lora_fegx_multiseed_20260904/seed20260529/lora_direct_primary_package/calibrated_predictions.csv,<RUNS_ROOT>/canonical_formdelta_protocol_20260909/inputs/eqv3_lora_seed20260529/calibrated_predictions.csv,<RUNS_ROOT>/canonical_formdelta_protocol_20260909/runs/eqv3_lora_seed20260529/metrics.json,<RUNS_ROOT>/canonical_formdelta_protocol_20260909/runs/eqv3_lora_seed20260529/canonical_formdelta_predictions.csv,True,107,498404,498643,2048,2048,2048,13.273088310453941,11.472966213718301,61.16255885687226,60.75898516046404,4.677176475524902,2.9788985848426544,18.31473112106321,14.112520217895504,29.727795720100417,28.69048118591304,168.62926214933378,164.78141039609906,0.21820827518759914,-2.202606210571993,0.9971273751359643,0.9971651593966032,1.80012209673564,13.562194830858287
eqv3_lora_seed20260530,eqv3_lora,EqV3-LoRA,20260530,test,frozen_lora_direct_prediction,pred_element_reference,<RUNS_ROOT>/eqv3_lora_fegx_multiseed_20260904/seed20260530/lora_direct_primary_package/calibrated_predictions.csv,<RUNS_ROOT>/canonical_formdelta_protocol_20260909/inputs/eqv3_lora_seed20260530/calibrated_predictions.csv,<RUNS_ROOT>/canonical_formdelta_protocol_20260909/runs/eqv3_lora_seed20260530/metrics.json,<RUNS_ROOT>/canonical_formdelta_protocol_20260909/runs/eqv3_lora_seed20260530/canonical_formdelta_predictions.csv,True,89,498404,498643,2048,2048,2048,16.025430576176454,13.482828262281647,66.96750970522515,66.30209743303827,4.5937299728393555,3.1685531139374197,22.161161899566647,15.377515787258737,43.91573071479795,27.275866270065247,257.08019219338877,254.78483263403174,-3.568632235326767,-2.241789325635672,0.9965562158694712,0.9966243131150204,2.5426023138948075,15.866046792369263
eqv3_lora_seed20260531,eqv3_lora,EqV3-LoRA,20260531,test,frozen_lora_direct_prediction,pred_element_reference,<RUNS_ROOT>/eqv3_lora_fegx_multiseed_20260904/seed20260531/lora_direct_primary_package/calibrated_predictions.csv,<RUNS_ROOT>/canonical_formdelta_protocol_20260909/inputs/eqv3_lora_seed20260531/calibrated_predictions.csv,<RUNS_ROOT>/canonical_formdelta_protocol_20260909/runs/eqv3_lora_seed20260531/metrics.json,<RUNS_ROOT>/canonical_formdelta_protocol_20260909/runs/eqv3_lora_seed20260531/canonical_formdelta_predictions.csv,True,171,498404,498643,2048,2048,2048,13.51640050601155,12.175739533914157,62.524595554351635,61.92195760301618,3.9850175380706787,3.1626224517822266,18.609321117400786,14.648222923278803,35.456240177154534,29.16669994592664,184.51858162879975,188.21616291999828,-1.6224422251607187,-1.6071932884056328,0.9969980088741505,0.9970555988600445,1.3406609720973925,9.918772172377704
eqv3_lora_seed20260532,eqv3_lora,EqV3-LoRA,20260532,test,frozen_lora_direct_prediction,pred_element_reference,<RUNS_ROOT>/eqv3_lora_fegx_multiseed_20260904/seed20260532/lora_direct_primary_package/calibrated_predictions.csv,<RUNS_ROOT>/canonical_formdelta_protocol_20260909/inputs/eqv3_lora_seed20260532/calibrated_predictions.csv,<RUNS_ROOT>/canonical_formdelta_protocol_20260909/runs/eqv3_lora_seed20260532/metrics.json,<RUNS_ROOT>/canonical_formdelta_protocol_20260909/runs/eqv3_lora_seed20260532/canonical_formdelta_predictions.csv,True,99,498404,498643,2048,2048,2048,13.63627526137457,12.170258889737442,62.983203555416495,62.53054369996406,4.612348973751101,3.1194835901260376,15.8091075718403,12.953728437423703,29.900598526000973,28.159999847412095,194.46578145027135,191.59769535064672,-4.51194985276792,-3.8524653286326966,0.9969538091088707,0.996997437670785,1.466016371637128,10.750856399838836
mace_seed20260528,mace,MACE,20260528,test,train_only_calibrated_reference,pred_affine_energy_composition,<RUNS_ROOT>/real_fegx_foundation_replacement_272/reference_conversion/mace_reference/calibrated_predictions.csv,<RUNS_ROOT>/canonical_formdelta_protocol_20260909/inputs/mace_seed20260528/calibrated_predictions.csv,<RUNS_ROOT>/canonical_formdelta_protocol_20260909/runs/mace_seed20260528/metrics.json,<RUNS_ROOT>/canonical_formdelta_protocol_20260909/runs/mace_seed20260528/canonical_formdelta_predictions.csv,True,195,498404,498643,2048,2048,2048,112.54239547053537,33.50216605335236,171.71410708098674,73.38161331450773,73.65869774663469,15.536922042336359,244.12554658129173,69.51268825243812,378.7038779717868,121.1317188647092,664.3573250585669,314.09899078599375,6.522883294622572,-1.5106921379831721,0.9773577503532279,0.9958649369683464,79.04022941718301,70.23151505414373
mace_seed20260529,mace,MACE,20260529,test,train_only_calibrated_reference,pred_affine_energy_composition,<RUNS_ROOT>/real_fegx_foundation_replacement_272/reference_conversion/mace_reference/calibrated_predictions.csv,<RUNS_ROOT>/canonical_formdelta_protocol_20260909/inputs/mace_seed20260529/calibrated_predictions.csv,<RUNS_ROOT>/canonical_formdelta_protocol_20260909/runs/mace_seed20260529/metrics.json,<RUNS_ROOT>/canonical_formdelta_protocol_20260909/runs/mace_seed20260529/canonical_formdelta_predictions.csv,True,200,498404,498643,2048,2048,2048,112.54239547053537,32.89363601660389,171.71410708098674,70.95335548698728,73.65869774663469,15.104927018647214,244.12554658129173,71.43851362962691,378.7038779717868,114.40328196913688,664.3573250585669,300.2241317474234,6.522883294622572,-2.626950159949304,0.9773577503532279,0.9961340743251023,79.64875945393148,70.77222687585697
mace_seed20260530,mace,MACE,20260530,test,train_only_calibrated_reference,pred_affine_energy_composition,<RUNS_ROOT>/real_fegx_foundation_replacement_272/reference_conversion/mace_reference/calibrated_predictions.csv,<RUNS_ROOT>/canonical_formdelta_protocol_20260909/inputs/mace_seed20260530/calibrated_predictions.csv,<RUNS_ROOT>/canonical_formdelta_protocol_20260909/runs/mace_seed20260530/metrics.json,<RUNS_ROOT>/canonical_formdelta_protocol_20260909/runs/mace_seed20260530/canonical_formdelta_predictions.csv,True,193,498404,498643,2048,2048,2048,112.54239547053537,32.637593239337846,171.71410708098674,71.14665982468283,73.65869774663469,15.083980918680517,244.12554658129173,69.21904516694855,378.7038779717868,115.9141037940341,664.3573250585669,312.2640785602806,6.522883294622572,-0.4547212030977637,0.9773577503532279,0.9961129810825294,79.90480223119752,70.99973471963047
matris_seed20260528,matris,MatRIS,20260528,test,train_only_calibrated_reference,pred_affine_energy_composition,<RUNS_ROOT>/eqv3_matched_benchmark_20260725_corrected_medium_20260725/matris_aux_calibration/calibrated_predictions.csv,<RUNS_ROOT>/canonical_formdelta_protocol_20260909/inputs/matris_seed20260528/calibrated_predictions.csv,<RUNS_ROOT>/canonical_formdelta_protocol_20260909/runs/matris_seed20260528/metrics.json,<RUNS_ROOT>/canonical_formdelta_protocol_20260909/runs/matris_seed20260528/canonical_formdelta_predictions.csv,True,198,498404,498643,2045,2045,2045,112.23221365161292,29.860587679648717,171.88618588579664,71.63333709715491,72.50264672873774,11.53319912116224,244.8125851021584,62.64193092536105,376.1189400757209,110.88473336014935,670.1913948836607,310.7527024774054,5.940128368417961,-2.5764747717766374,0.9771870801470123,0.9960378647872439,82.3716259719642,73.39392433945851
matris_seed20260529,matris,MatRIS,20260529,test,train_only_calibrated_reference,pred_affine_energy_composition,<RUNS_ROOT>/eqv3_matched_benchmark_20260725_corrected_medium_20260725/matris_aux_calibration/calibrated_predictions.csv,<RUNS_ROOT>/canonical_formdelta_protocol_20260909/inputs/matris_seed20260529/calibrated_predictions.csv,<RUNS_ROOT>/canonical_formdelta_protocol_20260909/runs/matris_seed20260529/metrics.json,<RUNS_ROOT>/canonical_formdelta_protocol_20260909/runs/matris_seed20260529/canonical_formdelta_predictions.csv,True,197,498404,498643,2045,2045,2045,112.23221365161292,29.582129480575485,171.88618588579664,70.50133163151116,72.50264672873774,12.322214797866327,244.8125851021584,63.45859239266821,376.1189400757209,107.20463710547617,670.1913948836607,329.1678089708446,5.940128368417961,-3.789607361832103,0.9771870801470123,0.9961621007902309,82.65008417103743,73.64203331816724
matris_seed20260530,matris,MatRIS,20260530,test,train_only_calibrated_reference,pred_affine_energy_composition,<RUNS_ROOT>/eqv3_matched_benchmark_20260725_corrected_medium_20260725/matris_aux_calibration/calibrated_predictions.csv,<RUNS_ROOT>/canonical_formdelta_protocol_20260909/inputs/matris_seed20260530/calibrated_predictions.csv,<RUNS_ROOT>/canonical_formdelta_protocol_20260909/runs/matris_seed20260530/metrics.json,<RUNS_ROOT>/canonical_formdelta_protocol_20260909/runs/matris_seed20260530/canonical_formdelta_predictions.csv,True,197,498404,498643,2045,2045,2045,112.23221365161292,28.356370545821182,171.88618588579664,69.11086321978578,72.50264672873774,11.622188829549795,244.8125851021584,58.78488287396831,376.1189400757209,100.38060919767233,670.1913948836607,306.88590782718927,5.940128368417961,-1.0177488945738995,0.9771870801470123,0.9963119944995591,83.87584310579174,74.73419651701428
sevennet_seed20260528,sevennet,SevenNet,20260528,test,train_only_calibrated_reference,pred_affine_energy_composition,<RUNS_ROOT>/sevennet_upper_bound_279/m4_native_embedding_reference/calibrated_predictions.csv,<RUNS_ROOT>/canonical_formdelta_protocol_20260909/inputs/sevennet_seed20260528/calibrated_predictions.csv,<RUNS_ROOT>/canonical_formdelta_protocol_20260909/runs/sevennet_seed20260528/metrics.json,<RUNS_ROOT>/canonical_formdelta_protocol_20260909/runs/sevennet_seed20260528/canonical_formdelta_predictions.csv,True,169,498404,498643,2048,2048,2048,86.22863201413325,61.483997570703785,128.5095717425447,97.3382490710273,59.58714110848406,40.80185587294169,187.7999520362211,131.42581518311994,267.35429623223376,183.98136690549626,457.7258693834327,346.4565841816604,3.1074631526600727,-2.367782861894996,0.9873182678750866,0.9927243016913856,24.74463444342947,28.69654065644195
sevennet_seed20260529,sevennet,SevenNet,20260529,test,train_only_calibrated_reference,pred_affine_energy_composition,<RUNS_ROOT>/sevennet_upper_bound_279/m4_native_embedding_reference/calibrated_predictions.csv,<RUNS_ROOT>/canonical_formdelta_protocol_20260909/inputs/sevennet_seed20260529/calibrated_predictions.csv,<RUNS_ROOT>/canonical_formdelta_protocol_20260909/runs/sevennet_seed20260529/metrics.json,<RUNS_ROOT>/canonical_formdelta_protocol_20260909/runs/sevennet_seed20260529/canonical_formdelta_predictions.csv,True,174,498404,498643,2048,2048,2048,86.22863201413325,61.1659195142263,128.5095717425447,96.07013636009918,59.58714110848406,41.00100133455964,187.7999520362211,129.5759623070989,267.35429623223376,181.84352888585315,457.7258693834327,355.4005430713899,3.1074631526600727,-2.2325029273836505,0.9873182678750866,0.9929126409159327,25.06271249990695,29.065418196358564
sevennet_seed20260530,sevennet,SevenNet,20260530,test,train_only_calibrated_reference,pred_affine_energy_composition,<RUNS_ROOT>/sevennet_upper_bound_279/m4_native_embedding_reference/calibrated_predictions.csv,<RUNS_ROOT>/canonical_formdelta_protocol_20260909/inputs/sevennet_seed20260530/calibrated_predictions.csv,<RUNS_ROOT>/canonical_formdelta_protocol_20260909/runs/sevennet_seed20260530/metrics.json,<RUNS_ROOT>/canonical_formdelta_protocol_20260909/runs/sevennet_seed20260530/canonical_formdelta_predictions.csv,True,138,498404,498643,2048,2048,2048,86.22863201413325,61.62873856315092,128.5095717425447,96.7150071209181,59.58714110848406,41.66955939067529,187.7999520362211,130.69556559339597,267.35429623223376,184.33815335566206,457.7258693834327,348.3760589483036,3.1074631526600727,-1.7404537963577995,0.9873182678750866,0.9928171737848214,24.599893450982336,28.528683427275414
alignn_seed20260528,alignn,ALIGNN,20260528,train,train_only_calibrated_reference,pred_affine_energy_composition,<RUNS_ROOT>/task_specific_reference_299_308/reference_providers/true_alignn_reference/calibrated_predictions.csv,<RUNS_ROOT>/canonical_formdelta_protocol_20260909/inputs/alignn_seed20260528/calibrated_predictions.csv,<RUNS_ROOT>/canonical_formdelta_protocol_20260909/runs/alignn_seed20260528/metrics.json,<RUNS_ROOT>/canonical_formdelta_protocol_20260909/runs/alignn_seed20260528/canonical_formdelta_predictions.csv,True,30,498404,498643,8192,8192,8192,25.531267581737183,22.57325827486411,37.39178969433117,34.89761212622994,18.376633524894736,15.00767469406139,54.05973121523859,50.621774792671204,73.24171066284178,69.82976198196398,133.2516765594484,126.83015346527121,1.029757617833371e-06,-1.4691096791032923,0.9989644016596945,0.9990979507213641,2.9580093068730733,11.585830188035677
alignn_seed20260529,alignn,ALIGNN,20260529,train,train_only_calibrated_reference,pred_affine_energy_composition,<RUNS_ROOT>/task_specific_reference_299_308/reference_providers/true_alignn_reference/calibrated_predictions.csv,<RUNS_ROOT>/canonical_formdelta_protocol_20260909/inputs/alignn_seed20260529/calibrated_predictions.csv,<RUNS_ROOT>/canonical_formdelta_protocol_20260909/runs/alignn_seed20260529/metrics.json,<RUNS_ROOT>/canonical_formdelta_protocol_20260909/runs/alignn_seed20260529/canonical_formdelta_predictions.csv,True,22,498404,498643,8192,8192,8192,25.531267581737183,23.167590105781954,37.39178969433117,35.56033318514048,18.376633524894736,15.417218208312988,54.05973121523859,50.89218616485597,73.24171066284178,71.16105407476422,133.2516765594484,129.85597223043445,1.029757617833371e-06,-0.6217535185903901,0.9989644016596945,0.9990633647811653,2.363677475955228,9.257971498626235
alignn_seed20260530,alignn,ALIGNN,20260530,train,train_only_calibrated_reference,pred_affine_energy_composition,<RUNS_ROOT>/task_specific_reference_299_308/reference_providers/true_alignn_reference/calibrated_predictions.csv,<RUNS_ROOT>/canonical_formdelta_protocol_20260909/inputs/alignn_seed20260530/calibrated_predictions.csv,<RUNS_ROOT>/canonical_formdelta_protocol_20260909/runs/alignn_seed20260530/metrics.json,<RUNS_ROOT>/canonical_formdelta_protocol_20260909/runs/alignn_seed20260530/canonical_formdelta_predictions.csv,True,63,498404,498643,8192,8192,8192,25.531267581737183,19.51999712462182,37.39178969433117,31.43456913585394,18.376633524894736,12.050986289978027,54.05973121523859,44.16584968566895,73.24171066284178,61.26770041882993,133.2516765594484,116.77547276020049,1.029757617833371e-06,-1.0272645616531355,0.9989644016596945,0.9992680964310804,6.011270457115362,23.544739554628674
chgnet_seed20260528,chgnet,CHGNet,20260528,train,train_only_calibrated_reference,pred_affine_energy_composition,<RUNS_ROOT>/task_specific_reference_299_308/reference_providers/chgnet_reference/calibrated_predictions.csv,<RUNS_ROOT>/canonical_formdelta_protocol_20260909/inputs/chgnet_seed20260528/calibrated_predictions.csv,<RUNS_ROOT>/canonical_formdelta_protocol_20260909/runs/chgnet_seed20260528/metrics.json,<RUNS_ROOT>/canonical_formdelta_protocol_20260909/runs/chgnet_seed20260528/canonical_formdelta_predictions.csv,True,99,498404,498643,8192,8192,8192,30.62755652008865,18.544119523398894,48.144757616555175,35.47450705014924,19.462216435982562,9.400039883689981,69.26231316065159,41.90062143674449,98.71246942242591,67.48468600623781,187.62583568479747,157.47040570860634,-3.373324672980432e-07,-1.934698577612609,0.9982831322220365,0.9990678805307329,12.083436996689755,39.452827354229896
chgnet_seed20260529,chgnet,CHGNet,20260529,train,train_only_calibrated_reference,pred_affine_energy_composition,<RUNS_ROOT>/task_specific_reference_299_308/reference_providers/chgnet_reference/calibrated_predictions.csv,<RUNS_ROOT>/canonical_formdelta_protocol_20260909/inputs/chgnet_seed20260529/calibrated_predictions.csv,<RUNS_ROOT>/canonical_formdelta_protocol_20260909/runs/chgnet_seed20260529/metrics.json,<RUNS_ROOT>/canonical_formdelta_protocol_20260909/runs/chgnet_seed20260529/canonical_formdelta_predictions.csv,True,97,498404,498643,8192,8192,8192,30.62755652008865,19.329207584175258,48.144757616555175,36.81259030334738,19.462216435982562,9.517302329987043,69.26231316065159,44.18883991852135,98.71246942242591,68.63645587957954,187.62583568479747,156.78692424104324,-3.373324672980432e-07,-2.103109696259681,0.9982831322220365,0.9989962360462171,11.298348935913392,36.88948848564785
chgnet_seed20260530,chgnet,CHGNet,20260530,train,train_only_calibrated_reference,pred_affine_energy_composition,<RUNS_ROOT>/task_specific_reference_299_308/reference_providers/chgnet_reference/calibrated_predictions.csv,<RUNS_ROOT>/canonical_formdelta_protocol_20260909/inputs/chgnet_seed20260530/calibrated_predictions.csv,<RUNS_ROOT>/canonical_formdelta_protocol_20260909/runs/chgnet_seed20260530/metrics.json,<RUNS_ROOT>/canonical_formdelta_protocol_20260909/runs/chgnet_seed20260530/canonical_formdelta_predictions.csv,True,166,498404,498643,8192,8192,8192,30.62755652008865,16.933399372119357,48.144757616555175,33.65891094609531,19.462216435982562,8.043235009187688,69.26231316065159,38.103137115478404,98.71246942242591,61.60258669685296,187.62583568479747,139.86013437751305,-3.373324672980432e-07,-1.9298785982600764,0.9982831322220365,0.9991608512331188,13.694157147969293,44.71188270924348
eqv3_base_seed20260528,eqv3_base,EqV3,20260528,train,train_only_calibrated_reference,pred_affine_energy_composition,<RUNS_ROOT>/eqv3_matched_benchmark_20260725/calibration/calibrated_predictions.csv,<RUNS_ROOT>/canonical_formdelta_protocol_20260909/inputs/eqv3_base_seed20260528/calibrated_predictions.csv,<RUNS_ROOT>/canonical_formdelta_protocol_20260909/runs/eqv3_base_seed20260528/metrics.json,<RUNS_ROOT>/canonical_formdelta_protocol_20260909/runs/eqv3_base_seed20260528/canonical_formdelta_predictions.csv,True,198,498404,498643,8175,8175,8175,105.94673906342443,19.48061818195605,155.63068083897187,50.53484836008286,71.95709840283459,8.531196056991375,231.14713392585043,36.77060512811998,323.6850798252106,60.87807557331804,607.613748037956,256.3175216082252,-2.6213580280947356e-07,-1.5171127519363856,0.9820554013192291,0.9981079820643906,86.46612088146838,81.61281946554854
eqv3_base_seed20260529,eqv3_base,EqV3,20260529,train,train_only_calibrated_reference,pred_affine_energy_composition,<RUNS_ROOT>/eqv3_matched_benchmark_20260725/calibration/calibrated_predictions.csv,<RUNS_ROOT>/canonical_formdelta_protocol_20260909/inputs/eqv3_base_seed20260529/calibrated_predictions.csv,<RUNS_ROOT>/canonical_formdelta_protocol_20260909/runs/eqv3_base_seed20260529/metrics.json,<RUNS_ROOT>/canonical_formdelta_protocol_20260909/runs/eqv3_base_seed20260529/canonical_formdelta_predictions.csv,True,200,498404,498643,8175,8175,8175,105.94673906342443,19.443011793744034,155.63068083897187,50.829761367060755,71.95709840283459,8.405928587341238,231.14713392585043,36.43575080060942,323.6850798252106,59.72298120628603,607.613748037956,268.5225050773141,-2.6213580280947356e-07,-1.505156101747948,0.9820554013192291,0.9980858346212582,86.5037272696804,81.64831502543502
eqv3_base_seed20260530,eqv3_base,EqV3,20260530,train,train_only_calibrated_reference,pred_affine_energy_composition,<RUNS_ROOT>/eqv3_matched_benchmark_20260725/calibration/calibrated_predictions.csv,<RUNS_ROOT>/canonical_formdelta_protocol_20260909/inputs/eqv3_base_seed20260530/calibrated_predictions.csv,<RUNS_ROOT>/canonical_formdelta_protocol_20260909/runs/eqv3_base_seed20260530/metrics.json,<RUNS_ROOT>/canonical_formdelta_protocol_20260909/runs/eqv3_base_seed20260530/canonical_formdelta_predictions.csv,True,185,498404,498643,8175,8175,8175,105.94673906342443,20.14917622009896,155.63068083897187,52.79673436654958,71.95709840283459,8.72180542035747,231.14713392585043,38.49443094950398,323.6850798252106,62.5902232271493,607.613748037956,266.4548382902218,-2.6213580280947356e-07,-1.5968802242692246,0.9820554013192291,0.9979348222504063,85.79756284332547,80.98178726573475
eqv3_lora_seed20260528,eqv3_lora,EqV3-LoRA,20260528,train,frozen_lora_direct_prediction,pred_element_reference,<RUNS_ROOT>/eqv3_lora_fegx_multiseed_20260904/seed20260528/lora_direct_primary_package/calibrated_predictions.csv,<RUNS_ROOT>/canonical_formdelta_protocol_20260909/inputs/eqv3_lora_seed20260528/calibrated_predictions.csv,<RUNS_ROOT>/canonical_formdelta_protocol_20260909/runs/eqv3_lora_seed20260528/metrics.json,<RUNS_ROOT>/canonical_formdelta_protocol_20260909/runs/eqv3_lora_seed20260528/canonical_formdelta_predictions.csv,True,92,498404,498643,8192,8192,8192,10.083148302561181,7.665535149495638,63.089964763632736,62.472315779180114,3.8957595825195312,1.6913521103561193,12.63643205165863,8.207291737198842,21.819931268691693,16.367970407009153,114.25562024116532,105.47273635864246,-4.034744892612347,-1.2707819993771299,0.9970517832408927,0.9971092265919942,2.4176131530655427,23.976768768257177
eqv3_lora_seed20260529,eqv3_lora,EqV3-LoRA,20260529,train,frozen_lora_direct_prediction,pred_element_reference,<RUNS_ROOT>/eqv3_lora_fegx_multiseed_20260904/seed20260529/lora_direct_primary_package/calibrated_predictions.csv,<RUNS_ROOT>/canonical_formdelta_protocol_20260909/inputs/eqv3_lora_seed20260529/calibrated_predictions.csv,<RUNS_ROOT>/canonical_formdelta_protocol_20260909/runs/eqv3_lora_seed20260529/metrics.json,<RUNS_ROOT>/canonical_formdelta_protocol_20260909/runs/eqv3_lora_seed20260529/canonical_formdelta_predictions.csv,True,107,498404,498643,8192,8192,8192,11.579673490778934,8.374765659578287,64.99384753136604,64.2291349303098,4.433810710906982,1.7924308776855469,16.502040624618534,8.61146803945304,27.365577220916748,17.863544821739186,121.76167726516758,116.09587073326132,1.7531559018451102,-0.6042196104907251,0.996871160141851,0.9969443543720977,3.2049078312006465,27.6770138100419
eqv3_lora_seed20260530,eqv3_lora,EqV3-LoRA,20260530,train,frozen_lora_direct_prediction,pred_element_reference,<RUNS_ROOT>/eqv3_lora_fegx_multiseed_20260904/seed20260530/lora_direct_primary_package/calibrated_predictions.csv,<RUNS_ROOT>/canonical_formdelta_protocol_20260909/inputs/eqv3_lora_seed20260530/calibrated_predictions.csv,<RUNS_ROOT>/canonical_formdelta_protocol_20260909/runs/eqv3_lora_seed20260530/metrics.json,<RUNS_ROOT>/canonical_formdelta_protocol_20260909/runs/eqv3_lora_seed20260530/canonical_formdelta_predictions.csv,True,89,498404,498643,8192,8192,8192,13.59340972639345,10.025343067280092,69.61157278226214,68.41899580909573,4.345737397670718,2.0397305488587536,19.494843482971234,9.867066144943239,37.13757991790771,21.692228317260806,191.74090854823604,195.60872793197663,-2.1686783102090548,-0.9725411650940378,0.9964107663288404,0.9965326935111176,3.5680666591133576,26.24850373034421
eqv3_lora_seed20260531,eqv3_lora,EqV3-LoRA,20260531,train,frozen_lora_direct_prediction,pred_element_reference,<RUNS_ROOT>/eqv3_lora_fegx_multiseed_20260904/seed20260531/lora_direct_primary_package/calibrated_predictions.csv,<RUNS_ROOT>/canonical_formdelta_protocol_20260909/inputs/eqv3_lora_seed20260531/calibrated_predictions.csv,<RUNS_ROOT>/canonical_formdelta_protocol_20260909/runs/eqv3_lora_seed20260531/metrics.json,<RUNS_ROOT>/canonical_formdelta_protocol_20260909/runs/eqv3_lora_seed20260531/canonical_formdelta_predictions.csv,True,171,498404,498643,8192,8192,8192,12.069120667277389,8.655831775211453,66.77195435111932,64.98278146693437,3.9507001638412476,1.7263293266296387,16.836559772491416,8.405764284543707,30.864846706390374,18.77984404563903,161.0228535532952,140.41269540786806,-0.5281021327121439,-0.8336304809155538,0.996697620219855,0.9968722255041026,3.4132888920659354,28.28117297161734
eqv3_lora_seed20260532,eqv3_lora,EqV3-LoRA,20260532,train,frozen_lora_direct_prediction,pred_element_reference,<RUNS_ROOT>/eqv3_lora_fegx_multiseed_20260904/seed20260532/lora_direct_primary_package/calibrated_predictions.csv,<RUNS_ROOT>/canonical_formdelta_protocol_20260909/inputs/eqv3_lora_seed20260532/calibrated_predictions.csv,<RUNS_ROOT>/canonical_formdelta_protocol_20260909/runs/eqv3_lora_seed20260532/metrics.json,<RUNS_ROOT>/canonical_formdelta_protocol_20260909/runs/eqv3_lora_seed20260532/canonical_formdelta_predictions.csv,True,99,498404,498643,8192,8192,8192,11.951356780745222,9.176139762271166,66.8273388240295,66.02795286887249,4.46545332670216,1.9252523779871717,14.85483646392823,9.163866937160483,26.03834283072498,19.486542418599125,166.62276953458803,163.16382169723536,-2.827163145678208,-2.244732877411332,0.9966921395829816,0.9967708032543482,2.7752170184740557,23.220936914419585
mace_seed20260528,mace,MACE,20260528,train,train_only_calibrated_reference,pred_affine_energy_composition,<RUNS_ROOT>/real_fegx_foundation_replacement_272/reference_conversion/mace_reference/calibrated_predictions.csv,<RUNS_ROOT>/canonical_formdelta_protocol_20260909/inputs/mace_seed20260528/calibrated_predictions.csv,<RUNS_ROOT>/canonical_formdelta_protocol_20260909/runs/mace_seed20260528/metrics.json,<RUNS_ROOT>/canonical_formdelta_protocol_20260909/runs/mace_seed20260528/canonical_formdelta_predictions.csv,True,195,498404,498643,8192,8192,8192,105.67505747218193,21.696171324968173,155.11607933749966,50.3195541819723,72.56041120606274,10.742218051002922,228.55184925310868,43.3128537728859,322.76932717336723,66.1670528871019,600.2459569108685,227.50321284902853,1.363224261122578e-07,-1.3076203245946103,0.9821781625203313,0.9981245201169914,83.97888614721376,79.46897608200544
mace_seed20260529,mace,MACE,20260529,train,train_only_calibrated_reference,pred_affine_energy_composition,<RUNS_ROOT>/real_fegx_foundation_replacement_272/reference_conversion/mace_reference/calibrated_predictions.csv,<RUNS_ROOT>/canonical_formdelta_protocol_20260909/inputs/mace_seed20260529/calibrated_predictions.csv,<RUNS_ROOT>/canonical_formdelta_protocol_20260909/runs/mace_seed20260529/metrics.json,<RUNS_ROOT>/canonical_formdelta_protocol_20260909/runs/mace_seed20260529/canonical_formdelta_predictions.csv,True,200,498404,498643,8192,8192,8192,105.67505747218193,21.131118175306476,155.11607933749966,49.67628780447277,72.56041120606274,10.341839021322324,228.55184925310868,40.848544514058425,322.76932717336723,65.3505637358838,600.2459569108685,253.38157454270467,1.363224261122578e-07,-2.224680354741965,0.9821781625203313,0.9981721644920107,84.54393929687546,80.00368423658624
mace_seed20260530,mace,MACE,20260530,train,train_only_calibrated_reference,pred_affine_energy_composition,<RUNS_ROOT>/real_fegx_foundation_replacement_272/reference_conversion/mace_reference/calibrated_predictions.csv,<RUNS_ROOT>/canonical_formdelta_protocol_20260909/inputs/mace_seed20260530/calibrated_predictions.csv,<RUNS_ROOT>/canonical_formdelta_protocol_20260909/runs/mace_seed20260530/metrics.json,<RUNS_ROOT>/canonical_formdelta_protocol_20260909/runs/mace_seed20260530/canonical_formdelta_predictions.csv,True,193,498404,498643,8192,8192,8192,105.67505747218193,21.786340110144845,155.11607933749966,52.2952661807114,72.56041120606274,10.58186456978688,228.55184925310868,42.75755830593744,322.76932717336723,66.54945121178928,600.2459569108685,251.59410924006193,1.363224261122578e-07,-1.0978137224229856,0.9821781625203313,0.9979743537868696,83.88871736203708,79.38364962244763
matris_seed20260528,matris,MatRIS,20260528,train,train_only_calibrated_reference,pred_affine_energy_composition,<RUNS_ROOT>/eqv3_matched_benchmark_20260725_corrected_medium_20260725/matris_aux_calibration/calibrated_predictions.csv,<RUNS_ROOT>/canonical_formdelta_protocol_20260909/inputs/matris_seed20260528/calibrated_predictions.csv,<RUNS_ROOT>/canonical_formdelta_protocol_20260909/runs/matris_seed20260528/metrics.json,<RUNS_ROOT>/canonical_formdelta_protocol_20260909/runs/matris_seed20260528/canonical_formdelta_predictions.csv,True,198,498404,498643,8176,8176,8176,105.33574472417799,19.52244227374339,155.43342349976828,51.1370256549765,71.61147133944745,8.50891065840764,228.257229419251,37.545664528451944,322.6123065127637,60.446194868195576,603.9524405221647,229.08760118968522,-8.893560625930904e-07,-1.7574283160732431,0.9819038154230716,0.9980412946027797,85.81330245043459,81.46646010348815
matris_seed20260529,matris,MatRIS,20260529,train,train_only_calibrated_reference,pred_affine_energy_composition,<RUNS_ROOT>/eqv3_matched_benchmark_20260725_corrected_medium_20260725/matris_aux_calibration/calibrated_predictions.csv,<RUNS_ROOT>/canonical_formdelta_protocol_20260909/inputs/matris_seed20260529/calibrated_predictions.csv,<RUNS_ROOT>/canonical_formdelta_protocol_20260909/runs/matris_seed20260529/metrics.json,<RUNS_ROOT>/canonical_formdelta_protocol_20260909/runs/matris_seed20260529/canonical_formdelta_predictions.csv,True,197,498404,498643,8176,8176,8176,105.33574472417799,19.281093409623267,155.43342349976828,51.58346032177776,71.61147133944745,8.253584368819622,228.257229419251,35.947658229236666,322.6123065127637,59.17610429138759,603.9524405221647,265.84769180137,-8.893560625930904e-07,-2.783335636135141,0.9819038154230716,0.998006945676279,86.05465131455472,81.69558352664532
matris_seed20260530,matris,MatRIS,20260530,train,train_only_calibrated_reference,pred_affine_energy_composition,<RUNS_ROOT>/eqv3_matched_benchmark_20260725_corrected_medium_20260725/matris_aux_calibration/calibrated_predictions.csv,<RUNS_ROOT>/canonical_formdelta_protocol_20260909/inputs/matris_seed20260530/calibrated_predictions.csv,<RUNS_ROOT>/canonical_formdelta_protocol_20260909/runs/matris_seed20260530/metrics.json,<RUNS_ROOT>/canonical_formdelta_protocol_20260909/runs/matris_seed20260530/canonical_formdelta_predictions.csv,True,197,498404,498643,8176,8176,8176,105.33574472417799,19.132427717643896,155.43342349976828,52.024696188737146,71.61147133944745,8.279209002514637,228.257229419251,35.44215173243687,322.6123065127637,57.96858050454379,603.9524405221647,249.80604515287737,-8.893560625930904e-07,-1.1594733994168704,0.9819038154230716,0.9979727033748238,86.20331700653409,81.83671861081703
sevennet_seed20260528,sevennet,SevenNet,20260528,train,train_only_calibrated_reference,pred_affine_energy_composition,<RUNS_ROOT>/sevennet_upper_bound_279/m4_native_embedding_reference/calibrated_predictions.csv,<RUNS_ROOT>/canonical_formdelta_protocol_20260909/inputs/sevennet_seed20260528/calibrated_predictions.csv,<RUNS_ROOT>/canonical_formdelta_protocol_20260909/runs/sevennet_seed20260528/metrics.json,<RUNS_ROOT>/canonical_formdelta_protocol_20260909/runs/sevennet_seed20260528/canonical_formdelta_predictions.csv,True,169,498404,498643,8192,8192,8192,76.99400922365997,36.79452474467595,107.68026259797334,60.48475026131462,56.73457399169985,21.277487502300186,164.91284617467252,84.41120202328791,221.1516423198132,119.88801269879158,373.8003524632699,250.25609799558018,3.502446388470304e-07,-2.6287937038050604,0.9914116239400844,0.9972902412688646,40.199484478984026,52.21118484973098
sevennet_seed20260529,sevennet,SevenNet,20260529,train,train_only_calibrated_reference,pred_affine_energy_composition,<RUNS_ROOT>/sevennet_upper_bound_279/m4_native_embedding_reference/calibrated_predictions.csv,<RUNS_ROOT>/canonical_formdelta_protocol_20260909/inputs/sevennet_seed20260529/calibrated_predictions.csv,<RUNS_ROOT>/canonical_formdelta_protocol_20260909/runs/sevennet_seed20260529/metrics.json,<RUNS_ROOT>/canonical_formdelta_protocol_20260909/runs/sevennet_seed20260529/canonical_formdelta_predictions.csv,True,174,498404,498643,8192,8192,8192,76.99400922365997,36.64941678368389,107.68026259797334,60.21778175053692,56.73457399169985,20.795765791251085,164.91284617467252,87.29745514239178,221.1516423198132,121.8852016501807,373.8003524632699,242.98329474826963,3.502446388470304e-07,-2.9463206415259737,0.9914116239400844,0.9973141092265975,40.34459243997608,52.39965141025328
sevennet_seed20260530,sevennet,SevenNet,20260530,train,train_only_calibrated_reference,pred_affine_energy_composition,<RUNS_ROOT>/sevennet_upper_bound_279/m4_native_embedding_reference/calibrated_predictions.csv,<RUNS_ROOT>/canonical_formdelta_protocol_20260909/inputs/sevennet_seed20260530/calibrated_predictions.csv,<RUNS_ROOT>/canonical_formdelta_protocol_20260909/runs/sevennet_seed20260530/metrics.json,<RUNS_ROOT>/canonical_formdelta_protocol_20260909/runs/sevennet_seed20260530/canonical_formdelta_predictions.csv,True,138,498404,498643,8192,8192,8192,76.99400922365997,37.945177050798776,107.68026259797334,61.409138750916675,56.73457399169985,22.26394064509085,164.91284617467252,87.63521184305053,221.1516423198132,125.06773417849529,373.8003524632699,254.06502943329505,3.502446388470304e-07,-2.697907836774677,0.9914116239400844,0.9972067818602286,39.0488321728612,50.7167149322335
alignn_seed20260528,alignn,ALIGNN,20260528,val,train_only_calibrated_reference,pred_affine_energy_composition,<RUNS_ROOT>/task_specific_reference_299_308/reference_providers/true_alignn_reference/calibrated_predictions.csv,<RUNS_ROOT>/canonical_formdelta_protocol_20260909/inputs/alignn_seed20260528/calibrated_predictions.csv,<RUNS_ROOT>/canonical_formdelta_protocol_20260909/runs/alignn_seed20260528/metrics.json,<RUNS_ROOT>/canonical_formdelta_protocol_20260909/runs/alignn_seed20260528/canonical_formdelta_predictions.csv,True,30,498404,498643,1024,1024,1024,71.37863335657357,70.36235416427417,136.62708197461038,135.80712335787604,40.04782438278198,38.444727659225464,155.45504167675972,148.1931149959565,232.2412431240075,236.60013675689675,602.0456074550738,605.204594694077,-7.852081386033653,-9.706029524920718,0.9863688577975083,0.9865319796823375,1.0162791922994074,1.4237862852074539
alignn_seed20260529,alignn,ALIGNN,20260529,val,train_only_calibrated_reference,pred_affine_energy_composition,<RUNS_ROOT>/task_specific_reference_299_308/reference_providers/true_alignn_reference/calibrated_predictions.csv,<RUNS_ROOT>/canonical_formdelta_protocol_20260909/inputs/alignn_seed20260529/calibrated_predictions.csv,<RUNS_ROOT>/canonical_formdelta_protocol_20260909/runs/alignn_seed20260529/metrics.json,<RUNS_ROOT>/canonical_formdelta_protocol_20260909/runs/alignn_seed20260529/canonical_formdelta_predictions.csv,True,22,498404,498643,1024,1024,1024,71.37863335657357,70.21916368859138,136.62708197461038,135.49735164749873,40.04782438278198,38.40392827987671,155.45504167675972,150.94386860728267,232.2412431240075,230.47524094581559,602.0456074550738,606.5171302855006,-7.852081386033653,-8.765488899541644,0.9863688577975083,0.9865933498590037,1.1594696679821936,1.6243932020805676
alignn_seed20260530,alignn,ALIGNN,20260530,val,train_only_calibrated_reference,pred_affine_energy_composition,<RUNS_ROOT>/task_specific_reference_299_308/reference_providers/true_alignn_reference/calibrated_predictions.csv,<RUNS_ROOT>/canonical_formdelta_protocol_20260909/inputs/alignn_seed20260530/calibrated_predictions.csv,<RUNS_ROOT>/canonical_formdelta_protocol_20260909/runs/alignn_seed20260530/metrics.json,<RUNS_ROOT>/canonical_formdelta_protocol_20260909/runs/alignn_seed20260530/canonical_formdelta_predictions.csv,True,63,498404,498643,1024,1024,1024,71.37863335657357,70.3228365298969,136.62708197461038,135.9717337980757,40.04782438278198,39.80386257171653,155.45504167675972,152.996051311493,232.2412431240075,229.7874659299848,602.0456074550738,594.3663731217372,-7.852081386033653,-9.287929964273182,0.9863688577975083,0.9864993109933056,1.0557968266766693,1.479149679712152
chgnet_seed20260528,chgnet,CHGNet,20260528,val,train_only_calibrated_reference,pred_affine_energy_composition,<RUNS_ROOT>/task_specific_reference_299_308/reference_providers/chgnet_reference/calibrated_predictions.csv,<RUNS_ROOT>/canonical_formdelta_protocol_20260909/inputs/chgnet_seed20260528/calibrated_predictions.csv,<RUNS_ROOT>/canonical_formdelta_protocol_20260909/runs/chgnet_seed20260528/metrics.json,<RUNS_ROOT>/canonical_formdelta_protocol_20260909/runs/chgnet_seed20260528/canonical_formdelta_predictions.csv,True,99,498404,498643,1024,1024,1024,31.31590998706543,27.261243025338054,60.17952400517133,57.34460621389433,19.55745403169051,15.515937019040166,68.60255042381301,58.23589538633753,105.19657028476702,89.024811999567,182.7611747024527,173.31467382459653,-1.2861443067752594,-3.384381174939609,0.9973554233368396,0.9975987144131714,4.054666961727378,12.947626185546252
chgnet_seed20260529,chgnet,CHGNet,20260529,val,train_only_calibrated_reference,pred_affine_energy_composition,<RUNS_ROOT>/task_specific_reference_299_308/reference_providers/chgnet_reference/calibrated_predictions.csv,<RUNS_ROOT>/canonical_formdelta_protocol_20260909/inputs/chgnet_seed20260529/calibrated_predictions.csv,<RUNS_ROOT>/canonical_formdelta_protocol_20260909/runs/chgnet_seed20260529/metrics.json,<RUNS_ROOT>/canonical_formdelta_protocol_20260909/runs/chgnet_seed20260529/canonical_formdelta_predictions.csv,True,97,498404,498643,1024,1024,1024,31.31590998706543,28.074023367276144,60.17952400517133,57.63172989219892,19.55745403169051,15.935334467633872,68.60255042381301,61.56749054722177,105.19657028476702,94.73913038920308,182.7611747024527,166.89323803887163,-1.2861443067752594,-2.9569390462004783,0.9973554233368396,0.9975746078033473,3.2418866197892875,10.352203148905142
chgnet_seed20260530,chgnet,CHGNet,20260530,val,train_only_calibrated_reference,pred_affine_energy_composition,<RUNS_ROOT>/task_specific_reference_299_308/reference_providers/chgnet_reference/calibrated_predictions.csv,<RUNS_ROOT>/canonical_formdelta_protocol_20260909/inputs/chgnet_seed20260530/calibrated_predictions.csv,<RUNS_ROOT>/canonical_formdelta_protocol_20260909/runs/chgnet_seed20260530/metrics.json,<RUNS_ROOT>/canonical_formdelta_protocol_20260909/runs/chgnet_seed20260530/canonical_formdelta_predictions.csv,True,166,498404,498643,1024,1024,1024,31.31590998706543,27.03340308024043,60.17952400517133,57.10181850629798,19.55745403169051,14.862242753586274,68.60255042381301,59.64443344278476,105.19657028476702,93.19074335770986,182.7611747024527,174.1911098849543,-1.2861443067752594,-3.2376598762059987,0.9973554233368396,0.9976190046720927,4.282506906825002,13.67517951288603
eqv3_base_seed20260528,eqv3_base,EqV3,20260528,val,train_only_calibrated_reference,pred_affine_energy_composition,<RUNS_ROOT>/eqv3_matched_benchmark_20260725/calibration/calibrated_predictions.csv,<RUNS_ROOT>/canonical_formdelta_protocol_20260909/inputs/eqv3_base_seed20260528/calibrated_predictions.csv,<RUNS_ROOT>/canonical_formdelta_protocol_20260909/runs/eqv3_base_seed20260528/metrics.json,<RUNS_ROOT>/canonical_formdelta_protocol_20260909/runs/eqv3_base_seed20260528/canonical_formdelta_predictions.csv,True,198,498404,498643,1022,1022,1022,110.4469482842887,29.328733227243312,166.57019036530656,69.54832347709453,71.92517899542206,11.539912248573842,244.39576679949002,59.82104681208424,360.2875554142003,104.37606721927612,648.606638479443,348.9232075330079,-1.9201283830396954,-7.941824648344517,0.9797504606567697,0.9964698438619704,81.11821505704538,73.44541095716684
eqv3_base_seed20260529,eqv3_base,EqV3,20260529,val,train_only_calibrated_reference,pred_affine_energy_composition,<RUNS_ROOT>/eqv3_matched_benchmark_20260725/calibration/calibrated_predictions.csv,<RUNS_ROOT>/canonical_formdelta_protocol_20260909/inputs/eqv3_base_seed20260529/calibrated_predictions.csv,<RUNS_ROOT>/canonical_formdelta_protocol_20260909/runs/eqv3_base_seed20260529/metrics.json,<RUNS_ROOT>/canonical_formdelta_protocol_20260909/runs/eqv3_base_seed20260529/canonical_formdelta_predictions.csv,True,200,498404,498643,1022,1022,1022,110.4469482842887,30.525154963112605,166.57019036530656,72.37951713375755,71.92517899542206,11.907030262479301,244.39576679949002,61.54826305582988,360.2875554142003,124.16321680145921,648.606638479443,346.18135817094515,-1.9201283830396954,-6.105741540671025,0.9797504606567697,0.9961765805361418,79.9217933211761,72.3621562774724
eqv3_base_seed20260530,eqv3_base,EqV3,20260530,val,train_only_calibrated_reference,pred_affine_energy_composition,<RUNS_ROOT>/eqv3_matched_benchmark_20260725/calibration/calibrated_predictions.csv,<RUNS_ROOT>/canonical_formdelta_protocol_20260909/inputs/eqv3_base_seed20260530/calibrated_predictions.csv,<RUNS_ROOT>/canonical_formdelta_protocol_20260909/runs/eqv3_base_seed20260530/metrics.json,<RUNS_ROOT>/canonical_formdelta_protocol_20260909/runs/eqv3_base_seed20260530/canonical_formdelta_predictions.csv,True,185,498404,498643,1022,1022,1022,110.4469482842887,29.49907223924909,166.57019036530656,68.26876373295497,71.92517899542206,11.4427805103368,244.39576679949002,60.85355786335573,360.2875554142003,112.82363268041306,648.606638479443,326.25761719448036,-1.9201283830396954,-6.686383415484896,0.9797504606567697,0.9965985455428479,80.9478760450396,73.29118395981486
eqv3_lora_seed20260528,eqv3_lora,EqV3-LoRA,20260528,val,frozen_lora_direct_prediction,pred_element_reference,<RUNS_ROOT>/eqv3_lora_fegx_multiseed_20260904/seed20260528/lora_direct_primary_package/calibrated_predictions.csv,<RUNS_ROOT>/canonical_formdelta_protocol_20260909/inputs/eqv3_lora_seed20260528/calibrated_predictions.csv,<RUNS_ROOT>/canonical_formdelta_protocol_20260909/runs/eqv3_lora_seed20260528/metrics.json,<RUNS_ROOT>/canonical_formdelta_protocol_20260909/runs/eqv3_lora_seed20260528/canonical_formdelta_predictions.csv,True,92,498404,498643,1024,1024,1024,13.207642738848325,11.929131346334994,61.330077610031594,60.804310270346726,4.023730754852295,2.509027719497708,17.238252615788955,14.003047719597818,36.24800443649272,35.13578772544843,158.17785501480088,151.78470253944394,-7.784618177993246,-5.0298305563387595,0.997253335014934,0.9973002260940318,1.2785113925133302,9.680087641625695
eqv3_lora_seed20260529,eqv3_lora,EqV3-LoRA,20260529,val,frozen_lora_direct_prediction,pred_element_reference,<RUNS_ROOT>/eqv3_lora_fegx_multiseed_20260904/seed20260529/lora_direct_primary_package/calibrated_predictions.csv,<RUNS_ROOT>/canonical_formdelta_protocol_20260909/inputs/eqv3_lora_seed20260529/calibrated_predictions.csv,<RUNS_ROOT>/canonical_formdelta_protocol_20260909/runs/eqv3_lora_seed20260529/metrics.json,<RUNS_ROOT>/canonical_formdelta_protocol_20260909/runs/eqv3_lora_seed20260529/canonical_formdelta_predictions.csv,True,107,498404,498643,1024,1024,1024,13.95468066402827,12.380632634915404,61.14620240353334,61.312982759099526,4.950225353240967,2.9985904693605736,18.626490607857715,15.58700054883956,31.473365379497597,31.27610832452786,165.8761636726558,158.14711630344388,-1.6462226362818844,-4.481949699027148,0.9972697800128595,0.9972548659859181,1.5740480291128662,11.279713717637225
eqv3_lora_seed20260530,eqv3_lora,EqV3-LoRA,20260530,val,frozen_lora_direct_prediction,pred_element_reference,<RUNS_ROOT>/eqv3_lora_fegx_multiseed_20260904/seed20260530/lora_direct_primary_package/calibrated_predictions.csv,<RUNS_ROOT>/canonical_formdelta_protocol_20260909/inputs/eqv3_lora_seed20260530/calibrated_predictions.csv,<RUNS_ROOT>/canonical_formdelta_protocol_20260909/runs/eqv3_lora_seed20260530/metrics.json,<RUNS_ROOT>/canonical_formdelta_protocol_20260909/runs/eqv3_lora_seed20260530/canonical_formdelta_predictions.csv,True,89,498404,498643,1024,1024,1024,16.28392674018641,13.74301765537211,66.96338771434947,65.97495574458932,4.4675469398498535,2.861781045794456,21.679705381393443,14.58932664245367,50.18180310726156,36.4412359893317,249.9909210205077,242.88129448890683,-6.019159592767658,-4.994799600069649,0.9967255866971854,0.996821539067819,2.540909084814299,15.603786023820026
eqv3_lora_seed20260531,eqv3_lora,EqV3-LoRA,20260531,val,frozen_lora_direct_prediction,pred_element_reference,<RUNS_ROOT>/eqv3_lora_fegx_multiseed_20260904/seed20260531/lora_direct_primary_package/calibrated_predictions.csv,<RUNS_ROOT>/canonical_formdelta_protocol_20260909/inputs/eqv3_lora_seed20260531/calibrated_predictions.csv,<RUNS_ROOT>/canonical_formdelta_protocol_20260909/runs/eqv3_lora_seed20260531/metrics.json,<RUNS_ROOT>/canonical_formdelta_protocol_20260909/runs/eqv3_lora_seed20260531/canonical_formdelta_predictions.csv,True,171,498404,498643,1024,1024,1024,15.29183712619897,13.597272925210286,64.25165402799945,63.91608527363167,4.355370998382568,3.2453536987305798,19.826632738113407,15.207636356353762,40.7112710177897,36.59552037715918,230.81609904766063,232.84048259258256,-2.8760276201751305,-3.0809129031581444,0.9969854167141237,0.99701682316798,1.694564200988685,11.081495225223446
eqv3_lora_seed20260532,eqv3_lora,EqV3-LoRA,20260532,val,frozen_lora_direct_prediction,pred_element_reference,<RUNS_ROOT>/eqv3_lora_fegx_multiseed_20260904/seed20260532/lora_direct_primary_package/calibrated_predictions.csv,<RUNS_ROOT>/canonical_formdelta_protocol_20260909/inputs/eqv3_lora_seed20260532/calibrated_predictions.csv,<RUNS_ROOT>/canonical_formdelta_protocol_20260909/runs/eqv3_lora_seed20260532/metrics.json,<RUNS_ROOT>/canonical_formdelta_protocol_20260909/runs/eqv3_lora_seed20260532/canonical_formdelta_predictions.csv,True,99,498404,498643,1024,1024,1024,14.50790759554366,12.726901236476351,62.679563582594575,62.3589355856959,4.98509407043457,3.025531768798828,18.007540702819206,14.503472298383688,40.04716798663133,32.87611976265892,179.97070696204898,176.31833255290965,-6.349444660145303,-6.021270527469363,0.9971311318403683,0.9971604073090509,1.7810063590673089,12.27610768360817
mace_seed20260528,mace,MACE,20260528,val,train_only_calibrated_reference,pred_affine_energy_composition,<RUNS_ROOT>/real_fegx_foundation_replacement_272/reference_conversion/mace_reference/calibrated_predictions.csv,<RUNS_ROOT>/canonical_formdelta_protocol_20260909/inputs/mace_seed20260528/calibrated_predictions.csv,<RUNS_ROOT>/canonical_formdelta_protocol_20260909/runs/mace_seed20260528/metrics.json,<RUNS_ROOT>/canonical_formdelta_protocol_20260909/runs/mace_seed20260528/canonical_formdelta_predictions.csv,True,195,498404,498643,1024,1024,1024,109.62158868119143,32.51782800859167,166.59222113420478,73.96579492407626,72.8544442834957,14.560035353912259,245.03139243240355,63.88794914474546,353.6851555132475,105.08370703946454,645.4910610480815,361.13161770594314,-0.9915477296868462,-7.150424909852792,0.9797339970416201,0.9960049656052316,77.10376067259975,70.33629196602676
mace_seed20260529,mace,MACE,20260529,val,train_only_calibrated_reference,pred_affine_energy_composition,<RUNS_ROOT>/real_fegx_foundation_replacement_272/reference_conversion/mace_reference/calibrated_predictions.csv,<RUNS_ROOT>/canonical_formdelta_protocol_20260909/inputs/mace_seed20260529/calibrated_predictions.csv,<RUNS_ROOT>/canonical_formdelta_protocol_20260909/runs/mace_seed20260529/metrics.json,<RUNS_ROOT>/canonical_formdelta_protocol_20260909/runs/mace_seed20260529/canonical_formdelta_predictions.csv,True,200,498404,498643,1024,1024,1024,109.62158868119143,33.06760987516631,166.59222113420478,75.30761735054546,72.8544442834957,14.423291933614413,245.03139243240355,68.3877871786012,353.6851555132475,122.30657656862448,645.4910610480815,338.1476665218028,-0.9915477296868462,-6.003186212112543,0.9797339970416201,0.9958587020346216,76.55397880602511,69.83476496464974
mace_seed20260530,mace,MACE,20260530,val,train_only_calibrated_reference,pred_affine_energy_composition,<RUNS_ROOT>/real_fegx_foundation_replacement_272/reference_conversion/mace_reference/calibrated_predictions.csv,<RUNS_ROOT>/canonical_formdelta_protocol_20260909/inputs/mace_seed20260530/calibrated_predictions.csv,<RUNS_ROOT>/canonical_formdelta_protocol_20260909/runs/mace_seed20260530/metrics.json,<RUNS_ROOT>/canonical_formdelta_protocol_20260909/runs/mace_seed20260530/canonical_formdelta_predictions.csv,True,193,498404,498643,1024,1024,1024,109.62158868119143,32.087381217994995,166.59222113420478,71.69029946334666,72.8544442834957,15.083187678289093,245.03139243240355,62.855026418090375,353.6851555132475,122.33184856936451,645.4910610480815,316.7773701588565,-0.9915477296868462,-5.203725718203987,0.9797339970416201,0.9962469923160353,77.53420746319642,70.72895804191126
matris_seed20260528,matris,MatRIS,20260528,val,train_only_calibrated_reference,pred_affine_energy_composition,<RUNS_ROOT>/eqv3_matched_benchmark_20260725_corrected_medium_20260725/matris_aux_calibration/calibrated_predictions.csv,<RUNS_ROOT>/canonical_formdelta_protocol_20260909/inputs/matris_seed20260528/calibrated_predictions.csv,<RUNS_ROOT>/canonical_formdelta_protocol_20260909/runs/matris_seed20260528/metrics.json,<RUNS_ROOT>/canonical_formdelta_protocol_20260909/runs/matris_seed20260528/canonical_formdelta_predictions.csv,True,198,498404,498643,1023,1023,1023,109.61533079173383,29.20066639409425,166.62360323492578,71.72643328444563,70.73823784656375,12.019056312459586,244.78526928309452,58.80325699195891,348.5150335676575,100.38954369084577,650.1900908373705,350.6559828786121,-2.060220154732259,-8.025516968781092,0.9795358530871728,0.9962079061946572,80.41466439763957,73.36078248983736
matris_seed20260529,matris,MatRIS,20260529,val,train_only_calibrated_reference,pred_affine_energy_composition,<RUNS_ROOT>/eqv3_matched_benchmark_20260725_corrected_medium_20260725/matris_aux_calibration/calibrated_predictions.csv,<RUNS_ROOT>/canonical_formdelta_protocol_20260909/inputs/matris_seed20260529/calibrated_predictions.csv,<RUNS_ROOT>/canonical_formdelta_protocol_20260909/runs/matris_seed20260529/metrics.json,<RUNS_ROOT>/canonical_formdelta_protocol_20260909/runs/matris_seed20260529/canonical_formdelta_predictions.csv,True,197,498404,498643,1023,1023,1023,109.61533079173383,30.04840613614529,166.62360323492578,75.01564635305546,70.73823784656375,11.489464147295791,244.78526928309452,57.93005952129554,348.5150335676575,117.73134195312986,650.1900908373705,346.206291771329,-2.060220154732259,-7.509932522684567,0.9795358530871728,0.9958521378705363,79.56692465558854,72.58740550330825
matris_seed20260530,matris,MatRIS,20260530,val,train_only_calibrated_reference,pred_affine_energy_composition,<RUNS_ROOT>/eqv3_matched_benchmark_20260725_corrected_medium_20260725/matris_aux_calibration/calibrated_predictions.csv,<RUNS_ROOT>/canonical_formdelta_protocol_20260909/inputs/matris_seed20260530/calibrated_predictions.csv,<RUNS_ROOT>/canonical_formdelta_protocol_20260909/runs/matris_seed20260530/metrics.json,<RUNS_ROOT>/canonical_formdelta_protocol_20260909/runs/matris_seed20260530/canonical_formdelta_predictions.csv,True,197,498404,498643,1023,1023,1023,109.61533079173383,28.6628322384091,166.62360323492578,71.20312070334222,70.73823784656375,11.18017621330214,244.78526928309452,56.188014922545946,348.5150335676575,108.65388569369405,650.1900908373705,319.7886209345415,-2.060220154732259,-6.743163700549452,0.9795358530871728,0.9962630382033061,80.95249855332473,73.85143845173656
sevennet_seed20260528,sevennet,SevenNet,20260528,val,train_only_calibrated_reference,pred_affine_energy_composition,<RUNS_ROOT>/sevennet_upper_bound_279/m4_native_embedding_reference/calibrated_predictions.csv,<RUNS_ROOT>/canonical_formdelta_protocol_20260909/inputs/sevennet_seed20260528/calibrated_predictions.csv,<RUNS_ROOT>/canonical_formdelta_protocol_20260909/runs/sevennet_seed20260528/metrics.json,<RUNS_ROOT>/canonical_formdelta_protocol_20260909/runs/sevennet_seed20260528/canonical_formdelta_predictions.csv,True,169,498404,498643,1024,1024,1024,80.74096670992989,58.866439721320745,120.24426768189775,93.00047016530843,57.04579480576094,39.738090798392356,171.31821737089945,122.15258384790631,238.38716829404245,172.62897819945172,437.21035667546363,333.2269115600272,-0.06109042486496111,-5.400260710232307,0.9894418597175704,0.9936841915081275,21.874526988609148,27.092228245415498
sevennet_seed20260529,sevennet,SevenNet,20260529,val,train_only_calibrated_reference,pred_affine_energy_composition,<RUNS_ROOT>/sevennet_upper_bound_279/m4_native_embedding_reference/calibrated_predictions.csv,<RUNS_ROOT>/canonical_formdelta_protocol_20260909/inputs/sevennet_seed20260529/calibrated_predictions.csv,<RUNS_ROOT>/canonical_formdelta_protocol_20260909/runs/sevennet_seed20260529/metrics.json,<RUNS_ROOT>/canonical_formdelta_protocol_20260909/runs/sevennet_seed20260529/canonical_formdelta_predictions.csv,True,174,498404,498643,1024,1024,1024,80.74096670992989,58.79604316185519,120.24426768189775,92.45574620406984,57.04579480576094,38.27317392278751,171.31821737089945,119.9809024224474,238.38716829404245,185.39673664655245,437.21035667546363,348.312882586765,-0.06109042486496111,-4.005162608266165,0.9894418597175704,0.9937579609570389,21.944923548074705,27.179416400739992
sevennet_seed20260530,sevennet,SevenNet,20260530,val,train_only_calibrated_reference,pred_affine_energy_composition,<RUNS_ROOT>/sevennet_upper_bound_279/m4_native_embedding_reference/calibrated_predictions.csv,<RUNS_ROOT>/canonical_formdelta_protocol_20260909/inputs/sevennet_seed20260530/calibrated_predictions.csv,<RUNS_ROOT>/canonical_formdelta_protocol_20260909/runs/sevennet_seed20260530/metrics.json,<RUNS_ROOT>/canonical_formdelta_protocol_20260909/runs/sevennet_seed20260530/canonical_formdelta_predictions.csv,True,138,498404,498643,1024,1024,1024,80.74096670992989,59.37283852113679,120.24426768189775,94.7919810406288,57.04579480576094,38.77396410436984,171.31821737089945,129.66422136841675,238.38716829404245,169.81668949944589,437.21035667546363,350.15753507343163,-0.06109042486496111,-2.1096452373260957,0.9894418597175704,0.9934385191784786,21.3681281887931,26.465038826647035
